"","community","species","ind","N_leaves","leaf_area","dry_weight_mg","fresh_weight_mg","LDMC","SLA"
"1","Albos","Erysimum duriaei",1,2,56.9611,3.78,11.87,0.318449873631003,15.0690740740741
"2","Albos","Erysimum duriaei",10,2,37.7285,2.85,9.03,0.315614617940199,13.2380701754386
"3","Albos","Erysimum duriaei",2,2,68.8308,4.06,13.37,0.303664921465969,16.9533990147783
"4","Albos","Erysimum duriaei",3,2,105.0806,6.08,24.05,0.252806652806653,17.2829934210526
"5","Albos","Erysimum duriaei",4,2,134.8869,9.11,34.84,0.261481056257176,14.8064654226125
"6","Albos","Erysimum duriaei",5,2,81.7593,5.85,18.79,0.311335816923896,13.9759487179487
"7","Albos","Erysimum duriaei",6,2,186.1339,11.76,50.8,0.231496062992126,15.827712585034
"8","Albos","Erysimum duriaei",7,2,86.047,6.06,19.64,0.308553971486762,14.1991749174917
"9","Albos","Erysimum duriaei",8,2,112.6118,8.16,28.76,0.283727399165508,13.8004656862745
"10","Albos","Erysimum duriaei",9,2,97.8769,7.38,22.52,0.327708703374778,13.2624525745257
"11","Mediterranean","Agrostis tileni",1,2,75.7153,3.04,8.63,0.35225955967555,24.9063486842105
"12","Mediterranean","Agrostis tileni",10,2,87.2352,2.98,10.56,0.28219696969697,29.2735570469799
"13","Mediterranean","Agrostis tileni",2,2,124.0206,5.38,15.14,0.355350066050198,23.052156133829
"14","Mediterranean","Agrostis tileni",3,2,88.9995,3.27,9.89,0.330637007077856,27.2169724770642
"15","Mediterranean","Agrostis tileni",4,2,39.9124,2.32,5.9,0.393220338983051,17.2036206896552
"16","Mediterranean","Agrostis tileni",5,2,118.0109,4.81,13.64,0.352639296187683,24.5344906444906
"17","Mediterranean","Agrostis tileni",6,2,68.9872,2.11,7,0.301428571428571,32.695355450237
"18","Mediterranean","Agrostis tileni",7,2,77.6533,2.26,8.52,0.265258215962441,34.3598672566372
"19","Mediterranean","Agrostis tileni",8,2,64.2551,4.01,10.5,0.381904761904762,16.0237157107232
"20","Mediterranean","Agrostis tileni",9,2,56.662,2.68,8.24,0.325242718446602,21.1425373134328
"21","Mediterranean","Armeria duriaei",1,2,291.9475,21.21,66.54,0.318755635707845,13.764615747289
"22","Mediterranean","Armeria duriaei",10,2,418.4942,25.4,92.79,0.273736394007975,16.4761496062992
"23","Mediterranean","Armeria duriaei",2,2,401.0823,38.16,119.26,0.319973167868523,10.5105424528302
"24","Mediterranean","Armeria duriaei",3,2,368.724,26.84,96.11,0.279263344084903,13.7378539493294
"25","Mediterranean","Armeria duriaei",4,2,324.4579,29.73,90.55,0.32832689122032,10.9134846955937
"26","Mediterranean","Armeria duriaei",5,2,256.6425,18.13,58.74,0.308648280558393,14.1556811913955
"27","Mediterranean","Armeria duriaei",6,2,289.5674,19.6,59.82,0.327649615513206,14.7738469387755
"28","Mediterranean","Armeria duriaei",7,2,356.9068,28.57,84.11,0.339674236119367,12.4923626181309
"29","Mediterranean","Armeria duriaei",8,2,202.4417,13.87,37.35,0.371352074966533,14.5956524873828
"30","Mediterranean","Armeria duriaei",9,2,231.3484,17.5,45.29,0.386398763523957,13.2199085714286
"31","Mediterranean","Avenella flexuosa",1,2,128.1456,8.53,18.67,0.456882699517943,15.0229308323564
"32","Mediterranean","Avenella flexuosa",10,2,37.8116,3.16,8.41,0.375743162901308,11.9656962025316
"33","Mediterranean","Avenella flexuosa",2,2,24.0537,1.98,4.57,0.433260393873085,12.1483333333333
"34","Mediterranean","Avenella flexuosa",3,2,99.3001,5.6,15.53,0.360592401802962,17.7321607142857
"35","Mediterranean","Avenella flexuosa",4,2,140.762,7.89,23.52,0.335459183673469,17.8405576679341
"36","Mediterranean","Avenella flexuosa",5,2,119.4397,8.97,21.86,0.410338517840805,13.3154626532887
"37","Mediterranean","Avenella flexuosa",6,2,195.3895,15.56,40.39,0.385243872245605,12.5571658097686
"38","Mediterranean","Avenella flexuosa",7,2,53.6871,4.62,11.15,0.414349775784753,11.6205844155844
"39","Mediterranean","Avenella flexuosa",8,2,57.2818,4.75,10.96,0.433394160583942,12.0593263157895
"40","Mediterranean","Avenella flexuosa",9,2,163.0247,8.81,26.18,0.336516424751719,18.5045062429058
"41","Mediterranean","Calluna vulgaris",1,6,13.7576,0.97,2.29,0.423580786026201,14.1830927835052
"42","Mediterranean","Calluna vulgaris",10,6,20.0343,0.99,2.52,0.392857142857143,20.2366666666667
"43","Mediterranean","Calluna vulgaris",2,6,11.4172,0.74,1.47,0.503401360544218,15.4286486486487
"44","Mediterranean","Calluna vulgaris",3,6,12.6098,0.93,1.53,0.607843137254902,13.5589247311828
"45","Mediterranean","Calluna vulgaris",4,6,13.2851,0.87,1.95,0.446153846153846,15.2702298850575
"46","Mediterranean","Calluna vulgaris",5,6,12.7203,0.81,2.1,0.385714285714286,15.7040740740741
"47","Mediterranean","Calluna vulgaris",6,6,11.81,0.9,2,0.45,13.1222222222222
"48","Mediterranean","Calluna vulgaris",7,6,6.6606,0.51,1.02,0.5,13.06
"49","Mediterranean","Calluna vulgaris",8,6,15.2615,0.87,2.12,0.410377358490566,17.5419540229885
"50","Mediterranean","Calluna vulgaris",9,6,11.3104,0.7,1.43,0.489510489510489,16.1577142857143
"51","Mediterranean","Cerastium ramosissimum",1,2,7.7031,1.6,10.02,0.159680638722555,4.8144375
"52","Mediterranean","Cerastium ramosissimum",10,2,8.8592,1.54,13.03,0.118188795088258,5.75272727272727
"53","Mediterranean","Cerastium ramosissimum",2,2,4.7841,1.14,7.24,0.157458563535912,4.19657894736842
"54","Mediterranean","Cerastium ramosissimum",3,2,6.5596,1.08,7.43,0.14535666218035,6.0737037037037
"55","Mediterranean","Cerastium ramosissimum",4,2,3.7088,0.44,3.59,0.122562674094708,8.42909090909091
"56","Mediterranean","Cerastium ramosissimum",5,2,5.3891,0.99,6.94,0.142651296829971,5.44353535353535
"57","Mediterranean","Cerastium ramosissimum",6,2,10.9326,1.98,15.15,0.130693069306931,5.52151515151515
"58","Mediterranean","Cerastium ramosissimum",7,2,6.7265,1.19,8.42,0.141330166270784,5.65252100840336
"59","Mediterranean","Cerastium ramosissimum",8,2,8.037,1.39,10.88,0.127757352941176,5.78201438848921
"60","Mediterranean","Cerastium ramosissimum",9,2,5.6153,0.81,5.71,0.141856392294221,6.93246913580247
"61","Mediterranean","Conopodium majus",1,2,78.1878,2.68,15.12,0.177248677248677,29.174552238806
"62","Mediterranean","Conopodium majus",10,2,294.7399,7.9,60.15,0.131338320864505,37.3088481012658
"63","Mediterranean","Conopodium majus",2,2,126.2648,3.29,23.22,0.141688199827735,38.378358662614
"64","Mediterranean","Conopodium majus",3,2,106.9489,3.24,20.7,0.156521739130435,33.0089197530864
"65","Mediterranean","Conopodium majus",4,2,101.5667,3.89,20.57,0.189110354885756,26.1096915167095
"66","Mediterranean","Conopodium majus",5,2,176.0432,4.86,25.26,0.192399049881235,36.2228806584362
"67","Mediterranean","Conopodium majus",6,2,256.5981,8.46,51.72,0.163573085846868,30.3307446808511
"68","Mediterranean","Conopodium majus",7,2,175.8135,5.42,32.36,0.167490729295426,32.4379151291513
"69","Mediterranean","Conopodium majus",8,2,173.0712,5.05,30.43,0.165954650016431,34.2715247524752
"70","Mediterranean","Conopodium majus",9,2,270.6915,10.48,50.5,0.207524752475248,25.8293416030534
"71","Mediterranean","Dianthus langeanus",1,2,27.1807,2.22,5.84,0.38013698630137,12.2435585585586
"72","Mediterranean","Dianthus langeanus",10,2,22.5581,1.75,5.52,0.317028985507246,12.8903428571429
"73","Mediterranean","Dianthus langeanus",2,2,37.1385,2.2,7.69,0.286085825747724,16.8811363636364
"74","Mediterranean","Dianthus langeanus",3,2,45.9725,0.5,10.7,0.0467289719626168,91.945
"75","Mediterranean","Dianthus langeanus",4,2,21.2368,1.37,4.3,0.318604651162791,15.5013138686131
"76","Mediterranean","Dianthus langeanus",5,2,25.2437,2.02,5.84,0.345890410958904,12.4968811881188
"77","Mediterranean","Dianthus langeanus",6,2,18.0218,1.27,4.05,0.31358024691358,14.1903937007874
"78","Mediterranean","Dianthus langeanus",7,2,22.0626,1.5,4.81,0.311850311850312,14.7084
"79","Mediterranean","Dianthus langeanus",8,2,21.9028,1.27,4.63,0.274298056155508,17.2462992125984
"80","Mediterranean","Dianthus langeanus",9,2,23.8758,1.78,5.69,0.312829525483304,13.4133707865169
"81","Mediterranean","Festuca summilusitana",1,2,331.0942,27.7,65.5,0.422900763358779,11.9528592057762
"82","Mediterranean","Festuca summilusitana",10,2,227.9913,33.56,82.68,0.405902273826802,6.79354290822408
"83","Mediterranean","Festuca summilusitana",2,2,322.207,43.29,103.38,0.41874637260592,7.44298914298914
"84","Mediterranean","Festuca summilusitana",3,2,233.6103,23.73,57.86,0.410127894918769,9.84451327433628
"85","Mediterranean","Festuca summilusitana",4,2,228.0935,27.27,61.97,0.440051637889301,8.36426475980931
"86","Mediterranean","Festuca summilusitana",5,2,464.0638,60.33,137.43,0.438987120716001,7.69209017072767
"87","Mediterranean","Festuca summilusitana",6,2,283.3133,30.73,67.99,0.451978232092955,9.21943703221608
"88","Mediterranean","Festuca summilusitana",7,2,173.6616,10.84,38.36,0.282586027111575,16.020442804428
"89","Mediterranean","Festuca summilusitana",8,2,289.792,25.75,59.75,0.430962343096234,11.2540582524272
"90","Mediterranean","Festuca summilusitana",9,2,330.0425,34.51,85.46,0.403814650128715,9.56367719501594
"91","Mediterranean","Helictochloa marginata",1,2,851.7597,80.43,204.56,0.393185373484552,10.5900745990302
"92","Mediterranean","Helictochloa marginata",10,2,1436.0348,97.5,437,0.223112128146453,14.7285620512821
"93","Mediterranean","Helictochloa marginata",2,2,796.7158,91.89,231.79,0.396436429526727,8.67032103602133
"94","Mediterranean","Helictochloa marginata",3,2,1535.4318,150.13,387.63,0.387302324381498,10.2273482981416
"95","Mediterranean","Helictochloa marginata",4,2,1460.0671,118.92,460.27,0.258370087122776,12.2777253615876
"96","Mediterranean","Helictochloa marginata",5,2,1750.2701,167.17,459.08,0.364141326130522,10.4700011963869
"97","Mediterranean","Helictochloa marginata",6,2,818.9372,70.18,330.5,0.212344931921331,11.6690966087204
"98","Mediterranean","Helictochloa marginata",7,2,671.1528,56.8,149.87,0.378995129111897,11.8160704225352
"99","Mediterranean","Helictochloa marginata",8,2,1554.5163,159.16,546.87,0.291038089491104,9.76700364413169
"100","Mediterranean","Helictochloa marginata",9,2,860.5607,80.85,212.73,0.380059230009872,10.6439171304886
"101","Mediterranean","Jurinea humilis",1,2,662.0806,37.03,200.13,0.185029730675061,17.8795733189306
"102","Mediterranean","Jurinea humilis",10,2,365.5561,22.29,106.97,0.20837618023745,16.4000044863167
"103","Mediterranean","Jurinea humilis",2,2,581.8526,28.25,167.5,0.16865671641791,20.5965522123894
"104","Mediterranean","Jurinea humilis",3,2,845.3371,56.31,314.73,0.178915260699647,15.0122020955425
"105","Mediterranean","Jurinea humilis",4,2,363.6927,18.94,105.3,0.179867046533713,19.2023600844773
"106","Mediterranean","Jurinea humilis",5,2,484.7016,31.62,145.94,0.216664382622996,15.3289563567362
"107","Mediterranean","Jurinea humilis",6,2,261.9657,19.12,84.1,0.227348394768133,13.7011349372385
"108","Mediterranean","Jurinea humilis",7,2,272.3131,15.77,76.59,0.205901553727641,17.2677932783767
"109","Mediterranean","Jurinea humilis",8,2,107.3261,7.5,32.11,0.233572095920274,14.3101466666667
"110","Mediterranean","Jurinea humilis",9,2,325.5327,23.59,94.63,0.249286695551094,13.7996057651547
"111","Mediterranean","Linaria supina",1,2,48.972,2.89,14.68,0.196866485013624,16.9453287197232
"112","Mediterranean","Linaria supina",10,2,49.3575,3.29,16.44,0.200121654501217,15.0022796352584
"113","Mediterranean","Linaria supina",2,2,27.2145,1.46,7,0.208571428571429,18.6400684931507
"114","Mediterranean","Linaria supina",3,2,22.9521,1.03,5.17,0.199226305609284,22.2835922330097
"115","Mediterranean","Linaria supina",4,2,41.1058,2.26,12.22,0.18494271685761,18.188407079646
"116","Mediterranean","Linaria supina",5,2,17.7393,0.93,5,0.186,19.0745161290323
"117","Mediterranean","Linaria supina",6,2,27.4841,1.46,7.33,0.199181446111869,18.8247260273973
"118","Mediterranean","Linaria supina",7,2,30.4778,1.89,8.78,0.215261958997722,16.1258201058201
"119","Mediterranean","Linaria supina",8,2,28.3331,1.53,6.71,0.228017883755589,18.5183660130719
"120","Mediterranean","Linaria supina",9,2,12.6208,0.52,2.55,0.203921568627451,24.2707692307692
"121","Mediterranean","Luzula caespitosa",1,2,280.7694,18.26,61.01,0.299295197508605,15.3761993428258
"122","Mediterranean","Luzula caespitosa",10,2,167.728,10.17,35.18,0.289084707220011,16.4924287118977
"123","Mediterranean","Luzula caespitosa",2,2,270.7899,17.52,57.09,0.306883867577509,15.4560445205479
"124","Mediterranean","Luzula caespitosa",3,2,257.8744,19.79,62,0.319193548387097,13.0305406771097
"125","Mediterranean","Luzula caespitosa",4,2,258.9571,21.03,62.6,0.33594249201278,12.3136994769377
"126","Mediterranean","Luzula caespitosa",5,2,391.2894,24.77,84.1,0.294530321046373,15.796907549455
"127","Mediterranean","Luzula caespitosa",6,2,279.9094,15.46,67.67,0.228461652135363,18.1053945666235
"128","Mediterranean","Luzula caespitosa",7,2,133.4112,7.33,24.09,0.304275633042756,18.2007094133697
"129","Mediterranean","Luzula caespitosa",8,2,541.2675,35.28,115.49,0.305480994025457,15.3420493197279
"130","Mediterranean","Luzula caespitosa",9,2,195.3443,12.29,42.87,0.286680662467926,15.8945728234337
"131","Mediterranean","Minuartia recurva",1,4,10.0177,0.44,1.47,0.299319727891156,22.7675
"132","Mediterranean","Minuartia recurva",10,4,47.5117,4.28,13.05,0.327969348659004,11.1008644859813
"133","Mediterranean","Minuartia recurva",2,4,25.1844,1.33,3.97,0.335012594458438,18.9356390977444
"134","Mediterranean","Minuartia recurva",3,4,20.2562,1.01,3.16,0.319620253164557,20.0556435643564
"135","Mediterranean","Minuartia recurva",4,4,19.2585,0.93,3.78,0.246031746031746,20.708064516129
"136","Mediterranean","Minuartia recurva",5,4,15.9957,0.79,2.73,0.289377289377289,20.2477215189873
"137","Mediterranean","Minuartia recurva",6,4,25.005,1.37,4.62,0.296536796536797,18.2518248175182
"138","Mediterranean","Minuartia recurva",7,4,16.6293,0.88,2.41,0.365145228215768,18.8969318181818
"139","Mediterranean","Minuartia recurva",8,4,19.122,1.15,3.66,0.314207650273224,16.6278260869565
"140","Mediterranean","Minuartia recurva",9,4,17.812,0.76,2.63,0.288973384030418,23.4368421052632
"141","Mediterranean","Neoschischkinia truncatula",1,2,133.6723,10.73,32.13,0.33395580454404,12.4578098788444
"142","Mediterranean","Neoschischkinia truncatula",10,2,180.1121,11.74,34.45,0.340783744557329,15.3417461669506
"143","Mediterranean","Neoschischkinia truncatula",2,2,189.6992,12.03,33.43,0.359856416392462,15.7688445552785
"144","Mediterranean","Neoschischkinia truncatula",3,2,129.9989,9.11,24.67,0.369274422375355,14.2699121844127
"145","Mediterranean","Neoschischkinia truncatula",4,2,170.2567,10.17,30.67,0.331594391913922,16.7410717797443
"146","Mediterranean","Neoschischkinia truncatula",5,2,139.7867,6.47,19.16,0.33768267223382,21.6053632148377
"147","Mediterranean","Neoschischkinia truncatula",6,2,161.944,10.93,30.94,0.353264382676147,14.8164684354986
"148","Mediterranean","Neoschischkinia truncatula",7,2,145.8246,9.84,27.1,0.36309963099631,14.8195731707317
"149","Mediterranean","Neoschischkinia truncatula",8,2,99.8613,11.13,15.4,0.722727272727273,8.9722641509434
"150","Mediterranean","Neoschischkinia truncatula",9,2,159.8919,5.14,30.43,0.168912257640486,31.107373540856
"151","Mediterranean","Phalacrocarpum oppositifolium",1,2,166.7823,11.91,51.75,0.230144927536232,14.0035516372796
"152","Mediterranean","Phalacrocarpum oppositifolium",10,2,109.6019,6.38,26.24,0.243140243902439,17.1789811912226
"153","Mediterranean","Phalacrocarpum oppositifolium",2,2,101.7013,6.33,25.13,0.251890171110227,16.0665560821485
"154","Mediterranean","Phalacrocarpum oppositifolium",3,2,106.1773,7.67,28.17,0.272275470358537,13.8431942633638
"155","Mediterranean","Phalacrocarpum oppositifolium",4,2,114.2093,6.37,27.96,0.227825464949928,17.9292464678179
"156","Mediterranean","Phalacrocarpum oppositifolium",5,2,112.1337,6.31,26.96,0.234050445103858,17.7707923930269
"157","Mediterranean","Phalacrocarpum oppositifolium",6,2,264.5077,13.57,59.57,0.227799227799228,19.4920928518791
"158","Mediterranean","Phalacrocarpum oppositifolium",7,2,139.5137,6.98,28.97,0.240938902312737,19.9876361031519
"159","Mediterranean","Phalacrocarpum oppositifolium",8,2,140.7823,7.79,30.54,0.255075311067453,18.0721822849807
"160","Mediterranean","Phalacrocarpum oppositifolium",9,2,301.8218,14.94,64.87,0.230306767380916,20.2022623828648
"161","Mediterranean","Phyteuma hemisphaericum",1,2,182.4199,7.43,35.96,0.206618464961068,24.5518034993271
"162","Mediterranean","Phyteuma hemisphaericum",10,2,137.8168,5.07,23.32,0.217409948542024,27.1828007889546
"163","Mediterranean","Phyteuma hemisphaericum",2,2,227.4885,11.03,52.4,0.210496183206107,20.6245240253853
"164","Mediterranean","Phyteuma hemisphaericum",3,2,142.2479,6.46,27.83,0.232123607617679,22.0197987616099
"165","Mediterranean","Phyteuma hemisphaericum",4,2,147.758,6.04,26.24,0.230182926829268,24.4632450331126
"166","Mediterranean","Phyteuma hemisphaericum",5,2,151.4715,4.89,24.65,0.198377281947262,30.9757668711656
"167","Mediterranean","Phyteuma hemisphaericum",6,2,241.4829,7.19,39.97,0.179884913685264,33.5859388038943
"168","Mediterranean","Phyteuma hemisphaericum",7,2,200.1972,9.03,39.01,0.231479107921046,22.1702325581395
"169","Mediterranean","Phyteuma hemisphaericum",8,2,189.2993,7.8,33.7,0.231454005934718,24.269141025641
"170","Mediterranean","Phyteuma hemisphaericum",9,2,197.5407,9.01,42.57,0.211651397697909,21.9246059933407
"171","Mediterranean","Plantago holosteum",1,2,276.9901,199.47,104.12,1.91577026507876,1.38863037048178
"172","Mediterranean","Plantago holosteum",10,2,162.3311,13.56,47.25,0.286984126984127,11.971320058997
"173","Mediterranean","Plantago holosteum",2,2,104.1134,7.62,30.01,0.253915361546151,13.6631758530184
"174","Mediterranean","Plantago holosteum",3,2,285.4907,22.18,98.87,0.224334985334277,12.8715374211001
"175","Mediterranean","Plantago holosteum",4,2,55.8589,3.65,15.53,0.235028976175145,15.3038082191781
"176","Mediterranean","Plantago holosteum",5,2,321.5256,22.41,93.67,0.239244155012277,14.3474163319946
"177","Mediterranean","Plantago holosteum",6,2,77.7368,5.01,19.95,0.251127819548872,15.5163273453094
"178","Mediterranean","Plantago holosteum",7,2,107.0419,8.08,34.04,0.237367802585194,13.2477599009901
"179","Mediterranean","Plantago holosteum",8,2,161.0622,9.38,42.39,0.221278603444209,17.1708102345416
"180","Mediterranean","Plantago holosteum",9,2,122.2413,9.56,35.32,0.270668176670442,12.7867468619247
"181","Mediterranean","Saxifraga granulata",1,2,385.6235,20.74,140.5,0.147615658362989,18.5932256509161
"182","Mediterranean","Saxifraga granulata",10,2,191.343,8.74,60.86,0.143608281301347,21.8927917620137
"183","Mediterranean","Saxifraga granulata",2,2,438.4851,19.5,153.52,0.127019280875456,22.4864153846154
"184","Mediterranean","Saxifraga granulata",3,2,316.4343,11.43,105.92,0.10791163141994,27.6845406824147
"185","Mediterranean","Saxifraga granulata",4,2,380.9068,19.74,141.48,0.139525021204411,19.2961904761905
"186","Mediterranean","Saxifraga granulata",5,2,264.1882,9.24,96.73,0.0955236224542541,28.5917965367965
"187","Mediterranean","Saxifraga granulata",6,2,441.6091,19.11,182.91,0.104477611940299,23.1087964416536
"188","Mediterranean","Saxifraga granulata",7,2,481.9313,18.3,173.72,0.105341929541791,26.335043715847
"189","Mediterranean","Saxifraga granulata",8,2,376.3584,17.32,142.56,0.121492704826038,21.7296997690531
"190","Mediterranean","Saxifraga granulata",9,2,545.5258,24.45,197.12,0.12403612012987,22.3118936605317
"191","Mediterranean","Sedum anglicum",1,2,16.8566,1.01,13.51,0.074759437453738,16.689702970297
"192","Mediterranean","Sedum anglicum",10,2,17.0739,0.94,15.77,0.0596068484464172,18.1637234042553
"193","Mediterranean","Sedum anglicum",2,2,18.124,0.87,14.22,0.0611814345991561,20.832183908046
"194","Mediterranean","Sedum anglicum",3,2,18.6159,0.9,12.33,0.072992700729927,20.6843333333333
"195","Mediterranean","Sedum anglicum",4,2,14.1926,0.69,8.37,0.0824372759856631,20.5689855072464
"196","Mediterranean","Sedum anglicum",5,2,23.4988,1.68,21.47,0.0782487191429902,13.987380952381
"197","Mediterranean","Sedum anglicum",6,2,22.4324,1.09,20.65,0.0527845036319613,20.5801834862385
"198","Mediterranean","Sedum anglicum",7,2,7.4159,0.38,5.67,0.0670194003527337,19.5155263157895
"199","Mediterranean","Sedum anglicum",8,2,18.4759,0.97,14.4,0.0673611111111111,19.0473195876289
"200","Mediterranean","Sedum anglicum",9,2,13.0509,0.67,9.2,0.0728260869565217,19.4789552238806
"201","Mediterranean","Sedum brevifolium",1,2,17.8889,1.04,14.11,0.073706591070163,17.2008653846154
"202","Mediterranean","Sedum brevifolium",10,2,25.5687,1.94,25.87,0.074990336296869,13.1797422680412
"203","Mediterranean","Sedum brevifolium",2,2,17.44,0.85,21.4,0.0397196261682243,20.5176470588235
"204","Mediterranean","Sedum brevifolium",3,2,20.1364,1.97,20.58,0.0957240038872692,10.2215228426396
"205","Mediterranean","Sedum brevifolium",4,2,17.424,1.67,17.49,0.0954831332189823,10.4335329341317
"206","Mediterranean","Sedum brevifolium",5,2,21.0179,1.56,22.21,0.0702386312471859,13.4730128205128
"207","Mediterranean","Sedum brevifolium",6,2,15.5283,1.37,14.48,0.0946132596685083,11.3345255474453
"208","Mediterranean","Sedum brevifolium",7,2,25.6404,2.84,32.15,0.0883359253499222,9.02830985915493
"209","Mediterranean","Sedum brevifolium",8,2,27.3476,3.29,31.15,0.10561797752809,8.31234042553191
"210","Mediterranean","Sedum brevifolium",9,2,34.0185,3.42,42.54,0.080394922425952,9.9469298245614
"211","Mediterranean","Sempervivum arachnoideum",1,2,662.1955,69.48,1239.7,0.0560458175365008,9.53073546344272
"212","Mediterranean","Sempervivum arachnoideum",10,2,581.28,62.22,1365.59,0.045562723804363,9.34233365477338
"213","Mediterranean","Sempervivum arachnoideum",2,2,148.2847,11.76,192.24,0.0611735330836454,12.6092431972789
"214","Mediterranean","Sempervivum arachnoideum",3,2,434.0454,46.83,1005.63,0.0465678231556338,9.26853299167201
"215","Mediterranean","Sempervivum arachnoideum",4,2,362.989,16.35,521.82,0.0313326434402668,22.2011620795107
"216","Mediterranean","Sempervivum arachnoideum",5,2,232.9755,23.88,388.64,0.0614450391107452,9.75609296482412
"217","Mediterranean","Sempervivum arachnoideum",6,2,163.7088,8.69,181.49,0.0478814259738829,18.8387571921749
"218","Mediterranean","Sempervivum arachnoideum",7,2,252.5734,30.81,467.12,0.0659573557115944,8.19777345017851
"219","Mediterranean","Sempervivum arachnoideum",8,2,97.9319,6.09,136.82,0.0445110363981874,16.0807717569787
"220","Mediterranean","Sempervivum arachnoideum",9,2,263.7842,36.41,467.66,0.0778557071376641,7.24482834386158
"221","Mediterranean","Silene ciliata",1,2,92.5429,5.74,32.12,0.178704856787049,16.122456445993
"222","Mediterranean","Silene ciliata",10,2,89.7029,5.34,26.64,0.20045045045045,16.7982958801498
"223","Mediterranean","Silene ciliata",2,2,91.0026,5.94,30.86,0.19248217757615,15.320303030303
"224","Mediterranean","Silene ciliata",3,2,107.6726,5.96,32.63,0.182653999387067,18.0658724832215
"225","Mediterranean","Silene ciliata",4,2,70.3187,4.29,20.55,0.208759124087591,16.3913053613054
"226","Mediterranean","Silene ciliata",5,2,88.9418,4.94,24.32,0.203125,18.0044129554656
"227","Mediterranean","Silene ciliata",6,2,110.5538,5.22,31.71,0.164616840113529,21.1788888888889
"228","Mediterranean","Silene ciliata",7,2,123.8685,5.16,31.32,0.164750957854406,24.005523255814
"229","Mediterranean","Silene ciliata",8,2,68.9364,3.61,20.68,0.174564796905222,19.0959556786704
"230","Mediterranean","Silene ciliata",9,2,89.7334,4.26,26.07,0.163406214039125,21.0641784037559
"231","Mediterranean","Solidago virgaurea",1,2,487.4249,27.98,131.14,0.213359768186671,17.4204753395282
"232","Mediterranean","Solidago virgaurea",10,2,1229.9147,47.7,237.19,0.201104599688014,25.7843752620545
"233","Mediterranean","Solidago virgaurea",2,2,692.0438,41.02,181.65,0.225818882466281,16.8708873720136
"234","Mediterranean","Solidago virgaurea",3,2,332.2485,21.06,90.61,0.232424677187948,15.7762820512821
"235","Mediterranean","Solidago virgaurea",4,2,152.3525,7.95,34.88,0.227924311926606,19.1638364779874
"236","Mediterranean","Solidago virgaurea",5,2,364.5454,20.97,95.08,0.220551114850652,17.3841392465427
"237","Mediterranean","Solidago virgaurea",6,2,333.7672,16.87,66.84,0.252393776181927,19.7846591582691
"238","Mediterranean","Solidago virgaurea",7,2,425.6387,22.7,92.2,0.246203904555315,18.7506035242291
"239","Mediterranean","Solidago virgaurea",8,2,575.5193,19.36,100.41,0.192809481127378,29.7272365702479
"240","Mediterranean","Solidago virgaurea",9,2,536.8244,27.83,130.46,0.213322091062395,19.2894143011139
"241","Mediterranean","Spergula morisonii",1,2,20.4093,0.89,6.14,0.144951140065147,22.931797752809
"242","Mediterranean","Spergula morisonii",10,2,13.4135,0.42,3.05,0.137704918032787,31.9369047619048
"243","Mediterranean","Spergula morisonii",2,2,10.9864,0.3,2.61,0.114942528735632,36.6213333333333
"244","Mediterranean","Spergula morisonii",3,2,16.2391,0.36,3.04,0.118421052631579,45.1086111111111
"245","Mediterranean","Spergula morisonii",4,2,16.8046,0.34,3.6,0.0944444444444444,49.4252941176471
"246","Mediterranean","Spergula morisonii",5,2,8.3117,0.33,1.67,0.197604790419162,25.1869696969697
"247","Mediterranean","Spergula morisonii",6,2,12.6398,0.3,2.25,0.133333333333333,42.1326666666667
"248","Mediterranean","Spergula morisonii",7,2,13.8192,0.26,2.61,0.0996168582375479,53.1507692307692
"249","Mediterranean","Spergula morisonii",8,2,21.5959,0.62,5.4,0.114814814814815,34.8320967741936
"250","Mediterranean","Spergula morisonii",9,2,13.1855,0.37,3.11,0.118971061093248,35.6364864864865
"251","Mediterranean","Teesdalia conferta",1,2,10.3077,3.96,11.74,0.337308347529813,2.60295454545455
"252","Mediterranean","Teesdalia conferta",10,2,4.8072,1.43,4.54,0.314977973568282,3.36167832167832
"253","Mediterranean","Teesdalia conferta",2,2,6.3276,2.68,8.55,0.313450292397661,2.3610447761194
"254","Mediterranean","Teesdalia conferta",3,2,13.6416,4.53,17.57,0.257825839499146,3.01139072847682
"255","Mediterranean","Teesdalia conferta",4,2,8.505,5,14.87,0.336247478143914,1.701
"256","Mediterranean","Teesdalia conferta",5,2,6.61,2.53,8.63,0.293163383545771,2.61264822134387
"257","Mediterranean","Teesdalia conferta",6,2,10.6244,3.5,11.62,0.301204819277108,3.03554285714286
"258","Mediterranean","Teesdalia conferta",7,2,15.1457,6.79,23.37,0.290543431750107,2.23058910162003
"259","Mediterranean","Teesdalia conferta",8,2,8.5013,4.71,13.94,0.337876614060258,1.80494692144374
"260","Mediterranean","Teesdalia conferta",9,2,8.4018,2.45,8.85,0.27683615819209,3.42930612244898
"261","Mediterranean","Thymus praecox",1,2,8.9231,0.68,1.94,0.350515463917526,13.1222058823529
"262","Mediterranean","Thymus praecox",10,2,21.6796,1.45,4.6,0.315217391304348,14.9514482758621
"263","Mediterranean","Thymus praecox",2,2,17.3683,1.04,3.16,0.329113924050633,16.7002884615385
"264","Mediterranean","Thymus praecox",3,2,23.4895,1.6,4.71,0.339702760084926,14.6809375
"265","Mediterranean","Thymus praecox",4,2,22.6498,1.43,4.66,0.3068669527897,15.839020979021
"266","Mediterranean","Thymus praecox",5,2,12.1484,0.9,2.66,0.338345864661654,13.4982222222222
"267","Mediterranean","Thymus praecox",6,2,30.4851,1.92,6.4,0.3,15.87765625
"268","Mediterranean","Thymus praecox",7,2,17.3466,1.38,3.92,0.352040816326531,12.57
"269","Mediterranean","Thymus praecox",8,2,21.1729,1.36,4.27,0.318501170960187,15.5683088235294
"270","Mediterranean","Thymus praecox",9,2,41.4154,2.28,7.64,0.298429319371728,18.164649122807
"271","Temperate","Alchemilla catalaunica",1,2,1311.5946,89.2,292.98,0.304457642159874,14.7039753363229
"272","Temperate","Alchemilla catalaunica",10,2,1117.8407,77.09,242.77,0.317543353791655,14.5004630950837
"273","Temperate","Alchemilla catalaunica",2,2,1135.7738,75.09,248.44,0.302246015134439,15.1255000665868
"274","Temperate","Alchemilla catalaunica",3,2,1248.1521,71.16,262.85,0.270724747955107,17.5400801011804
"275","Temperate","Alchemilla catalaunica",4,2,1290.6878,84.37,311.75,0.270633520449078,15.2979471376082
"276","Temperate","Alchemilla catalaunica",5,2,1449.5855,91.42,308.43,0.296404370521674,15.8563279369941
"277","Temperate","Alchemilla catalaunica",6,2,1030.8108,64.99,258.95,0.250975091716548,15.8610678565933
"278","Temperate","Alchemilla catalaunica",7,2,1149.9891,70.59,246.9,0.285905224787363,16.2911049723757
"279","Temperate","Alchemilla catalaunica",8,2,1735.9367,90.56,364.9,0.248177582899425,19.1689123233216
"280","Temperate","Alchemilla catalaunica",9,2,1710.7891,79.78,338.65,0.235582459766721,21.4438342943094
"281","Temperate","Androsace villosa",1,2,12.6653,0.63,2.64,0.238636363636364,20.1036507936508
"282","Temperate","Androsace villosa",10,2,10.9879,0.19,1.47,0.129251700680272,57.8310526315789
"283","Temperate","Androsace villosa",2,2,11.5724,0.46,2,0.23,25.1573913043478
"284","Temperate","Androsace villosa",3,2,10.9752,2.5,2.62,0.954198473282443,4.39008
"285","Temperate","Androsace villosa",4,2,11.0729,0.41,1.84,0.222826086956522,27.0070731707317
"286","Temperate","Androsace villosa",5,2,13.3983,0.72,2.41,0.298755186721992,18.60875
"287","Temperate","Androsace villosa",6,2,12.6725,0.46,1.78,0.258426966292135,27.5489130434783
"288","Temperate","Androsace villosa",7,2,9.1384,0.35,1.28,0.2734375,26.1097142857143
"289","Temperate","Androsace villosa",8,2,13.2463,0.62,2.48,0.25,21.365
"290","Temperate","Androsace villosa",9,2,9.4914,0.21,1.64,0.128048780487805,45.1971428571429
"291","Temperate","Anemone pavoniana",1,2,3096.0018,188.21,961,0.195848074921956,16.4497199936241
"292","Temperate","Anemone pavoniana",10,2,2646.9702,140.42,698.66,0.200984742220823,18.8503788634098
"293","Temperate","Anemone pavoniana",2,2,3295.7448,216.65,964.95,0.224519405150526,15.2123000230787
"294","Temperate","Anemone pavoniana",3,2,1934.9593,107.64,525.4,0.204872478111915,17.9762105165366
"295","Temperate","Anemone pavoniana",4,2,3222.1521,197.27,963.73,0.204694260840692,16.3337157195722
"296","Temperate","Anemone pavoniana",5,2,8708.8542,289.67,1279.51,0.226391352939797,30.0647433286153
"297","Temperate","Anemone pavoniana",6,2,2700.1846,151.86,760.53,0.199676541359315,17.7807493744238
"298","Temperate","Anemone pavoniana",7,2,3561.3375,216.56,1152.19,0.18795511157014,16.4450383265608
"299","Temperate","Anemone pavoniana",8,2,3776.1014,231.93,1043.17,0.222331930557819,16.2812115724572
"300","Temperate","Anemone pavoniana",9,2,3675.5764,242.6,1118.78,0.216843347217505,15.1507683429514
"301","Temperate","Anthyllis vulneraria",1,2,1139.0764,60.31,372.89,0.161736705194561,18.8870237108274
"302","Temperate","Anthyllis vulneraria",10,2,618.8234,33.41,185.87,0.17974928713617,18.5221011673152
"303","Temperate","Anthyllis vulneraria",2,2,439.6916,23.95,141.33,0.169461543904337,18.3587306889353
"304","Temperate","Anthyllis vulneraria",3,2,629.2249,41.08,208.01,0.19749050526417,15.3170618305745
"305","Temperate","Anthyllis vulneraria",4,2,512.8119,40.06,191.18,0.209540746940057,12.8010958562157
"306","Temperate","Anthyllis vulneraria",5,2,633.6168,27.65,171.4,0.161318553092182,22.915616636528
"307","Temperate","Anthyllis vulneraria",6,2,603.4708,36.69,194.19,0.188938668314537,16.4478277459798
"308","Temperate","Anthyllis vulneraria",7,2,803.954,41.67,270.52,0.154036670116812,19.2933525317975
"309","Temperate","Anthyllis vulneraria",8,2,290.2608,13.51,85.13,0.158698461177023,21.4848852701702
"310","Temperate","Anthyllis vulneraria",9,2,1141.465,56.89,373.16,0.152454711115875,20.0644225698717
"311","Temperate","Arabis alpina",1,2,509.5022,13.9,106.77,0.130186381942493,36.6548345323741
"312","Temperate","Arabis alpina",10,2,849.066,25.64,150.32,0.170569451836083,33.1148985959438
"313","Temperate","Arabis alpina",2,2,295.9674,10.31,56.47,0.182574818487693,28.7068283220175
"314","Temperate","Arabis alpina",3,2,299.9059,9.56,52.66,0.181541967337638,31.370910041841
"315","Temperate","Arabis alpina",4,2,568.8217,19.43,140.92,0.13787964802725,29.275434894493
"316","Temperate","Arabis alpina",5,2,587.2832,38.26,99.27,0.385413518686411,15.3497961317303
"317","Temperate","Arabis alpina",6,2,508.1774,20.54,97.72,0.210192386410151,24.7408666017527
"318","Temperate","Arabis alpina",7,2,309.2651,10.6,68.35,0.15508412582297,29.1759528301887
"319","Temperate","Arabis alpina",8,2,374.3257,12.7,74.55,0.170355466130114,29.4744645669291
"320","Temperate","Arabis alpina",9,2,317.7068,19.56,39.7,0.492695214105793,16.2426789366053
"321","Temperate","Arenaria erinacea",1,2,15.0395,0.55,1.8,0.305555555555556,27.3445454545455
"322","Temperate","Arenaria erinacea",2,4,19.5744,0.93,2.83,0.328621908127208,21.0477419354839
"323","Temperate","Arenaria erinacea",3,4,29.5814,1.56,4.96,0.314516129032258,18.9624358974359
"324","Temperate","Arenaria erinacea",4,4,14.6324,0.72,1.92,0.375,20.3227777777778
"325","Temperate","Arenaria erinacea",5,4,21.0021,0.9,3.26,0.276073619631902,23.3356666666667
"326","Temperate","Arenaria erinacea",6,4,25.9767,0.99,3.65,0.271232876712329,26.2390909090909
"327","Temperate","Arenaria erinacea",7,4,17.0898,0.63,2.4,0.2625,27.1266666666667
"328","Temperate","Arenaria erinacea",8,4,16.0293,0.86,2.11,0.407582938388626,18.6387209302326
"329","Temperate","Arenaria erinacea",9,4,20.4448,0.96,2.66,0.360902255639098,21.2966666666667
"330","Temperate","Arenaria grandiflora",1,4,19.9945,1.33,3.18,0.418238993710692,15.0334586466165
"331","Temperate","Arenaria grandiflora",10,4,22.1158,1.57,4.3,0.365116279069767,14.0864968152866
"332","Temperate","Arenaria grandiflora",2,4,13.4733,0.87,1.79,0.486033519553073,15.4865517241379
"333","Temperate","Arenaria grandiflora",3,4,16.5375,1.21,3.49,0.346704871060172,13.6673553719008
"334","Temperate","Arenaria grandiflora",4,4,20.9756,1.27,3.53,0.359773371104816,16.5162204724409
"335","Temperate","Arenaria grandiflora",5,4,14.5157,0.71,2.34,0.303418803418803,20.4446478873239
"336","Temperate","Arenaria grandiflora",6,4,16.2462,1.05,3.12,0.336538461538462,15.4725714285714
"337","Temperate","Arenaria grandiflora",7,4,14.2498,0.84,2.48,0.338709677419355,16.9640476190476
"338","Temperate","Arenaria grandiflora",8,4,12.7493,0.75,2.38,0.315126050420168,16.9990666666667
"339","Temperate","Arenaria grandiflora",9,4,14.7421,0.86,2.51,0.342629482071713,17.141976744186
"340","Temperate","Arenaria moehringioides",1,2,8.6517,0.56,1.65,0.339393939393939,15.4494642857143
"341","Temperate","Arenaria moehringioides",10,2,8.7295,0.48,1.61,0.298136645962733,18.1864583333333
"342","Temperate","Arenaria moehringioides",2,2,12.2111,0.69,2.22,0.310810810810811,17.6972463768116
"343","Temperate","Arenaria moehringioides",3,2,9.142,0.56,1.89,0.296296296296296,16.325
"344","Temperate","Arenaria moehringioides",4,2,9.0245,0.44,1.47,0.299319727891156,20.5102272727273
"345","Temperate","Arenaria moehringioides",5,2,11.7642,0.62,2.38,0.260504201680672,18.9745161290323
"346","Temperate","Arenaria moehringioides",6,2,9.2126,0.4,1.55,0.258064516129032,23.0315
"347","Temperate","Arenaria moehringioides",7,2,7.8156,0.44,1.51,0.291390728476821,17.7627272727273
"348","Temperate","Arenaria moehringioides",8,2,10.159,0.66,2.45,0.269387755102041,15.3924242424242
"349","Temperate","Arenaria moehringioides",9,2,11.5524,0.72,2.3,0.31304347826087,16.045
"350","Temperate","Arenaria purpurascens",1,2,26.4967,1.18,5.9,0.2,22.4548305084746
"351","Temperate","Arenaria purpurascens",10,2,24.2546,1.1,4.33,0.254041570438799,22.0496363636364
"352","Temperate","Arenaria purpurascens",2,2,21.6731,0.84,3.52,0.238636363636364,25.8013095238095
"353","Temperate","Arenaria purpurascens",3,2,15.6898,0.58,2.6,0.223076923076923,27.0513793103448
"354","Temperate","Arenaria purpurascens",4,2,24.0643,1.02,4.09,0.249388753056235,23.5924509803922
"355","Temperate","Arenaria purpurascens",5,2,23.6245,1.15,4.19,0.274463007159905,20.5430434782609
"356","Temperate","Arenaria purpurascens",6,2,20.5762,0.84,3.58,0.23463687150838,24.4954761904762
"357","Temperate","Arenaria purpurascens",7,2,20.5134,0.98,3.86,0.253886010362694,20.9320408163265
"358","Temperate","Arenaria purpurascens",8,2,19.3986,0.98,3.28,0.298780487804878,19.7944897959184
"359","Temperate","Arenaria purpurascens",9,2,15.3558,0.9,2.81,0.320284697508897,17.062
"360","Temperate","Armeria cantabrica",1,2,132.8875,9.9,35.14,0.281730221969266,13.4229797979798
"361","Temperate","Armeria cantabrica",10,2,160.6265,13.25,47.47,0.279123657046556,12.1227547169811
"362","Temperate","Armeria cantabrica",2,2,245.8146,25.06,93.5,0.268021390374332,9.80904229848364
"363","Temperate","Armeria cantabrica",3,2,177.1313,14.47,60.93,0.237485639258165,12.2412785072564
"364","Temperate","Armeria cantabrica",4,2,113.7905,3.95,33.73,0.11710643344204,28.8077215189873
"365","Temperate","Armeria cantabrica",5,2,186.267,16.75,59.8,0.280100334448161,11.1204179104478
"366","Temperate","Armeria cantabrica",6,2,218.9426,22.35,76.47,0.292271479011377,9.79608948545861
"367","Temperate","Armeria cantabrica",7,2,189.0584,15.29,54.75,0.279269406392694,12.364839764552
"368","Temperate","Armeria cantabrica",8,2,133.0114,13.23,41.8,0.316507177033493,10.0537717309146
"369","Temperate","Armeria cantabrica",9,2,161.5313,14.91,54.31,0.274535076413184,10.8337558685446
"370","Temperate","Botrichium lunaria",1,1,530.5719,30.38,197.12,0.154119318181818,17.464512837393
"371","Temperate","Botrichium lunaria",10,1,476.1466,21.78,155.09,0.140434586369205,21.8616437098255
"372","Temperate","Botrichium lunaria",2,1,492.3801,30.4,202.49,0.150130870660279,16.1967138157895
"373","Temperate","Botrichium lunaria",3,1,740.5086,45.59,316.7,0.143953268077045,16.2427856986181
"374","Temperate","Botrichium lunaria",4,1,604.6462,39.55,256.85,0.153980922717539,15.2881466498104
"375","Temperate","Botrichium lunaria",5,1,177.7394,7.91,56.63,0.139678615574784,22.4702149178255
"376","Temperate","Botrichium lunaria",6,1,345.1783,16.51,107.19,0.154025562086016,20.9072259236826
"377","Temperate","Botrichium lunaria",7,1,611.6217,26.52,185.2,0.143196544276458,23.0626583710407
"378","Temperate","Botrichium lunaria",8,1,558.1611,3203,185.15,17.2994869025115,0.174261973150172
"379","Temperate","Botrichium lunaria",9,1,174.4217,6.11,43.61,0.140105480394405,28.5469230769231
"380","Temperate","Carex ornithopoda",1,2,483.1439,17.2,62.18,0.276616275329688,28.089761627907
"381","Temperate","Carex ornithopoda",10,2,192.0996,6.9,22.69,0.304098721903922,27.8405217391304
"382","Temperate","Carex ornithopoda",2,2,317.1348,13.2,40.65,0.324723247232472,24.0253636363636
"383","Temperate","Carex ornithopoda",3,2,624.7221,21.18,75.27,0.281387006775608,29.4958498583569
"384","Temperate","Carex ornithopoda",4,2,409.9529,20.07,70,0.286714285714286,20.4261534628799
"385","Temperate","Carex ornithopoda",5,2,470.8344,19.83,59.77,0.33177179186883,23.7435400907716
"386","Temperate","Carex ornithopoda",6,2,367.6995,13.16,42.95,0.306402793946449,27.9406914893617
"387","Temperate","Carex ornithopoda",7,2,398.5774,15.25,50.55,0.301681503461919,26.1362229508197
"388","Temperate","Carex ornithopoda",8,2,391.819,13.17,51.85,0.254001928640309,29.7508731966591
"389","Temperate","Carex ornithopoda",9,2,356.8217,13.21,45.09,0.29296961632291,27.0114837244512
"390","Temperate","Carex sempervirens",1,2,682.8915,47.44,135.04,0.351303317535545,14.3948461214165
"391","Temperate","Carex sempervirens",10,2,759.7889,55.65,154.8,0.359496124031008,13.6529901168014
"392","Temperate","Carex sempervirens",2,2,1285.0326,101.05,269.44,0.375037114014252,12.7167996041564
"393","Temperate","Carex sempervirens",3,2,984.5445,75.85,144.7,0.52418797512094,12.9801516150297
"394","Temperate","Carex sempervirens",4,2,788.4657,61.13,242.41,0.252176065343839,12.8981792900376
"395","Temperate","Carex sempervirens",5,2,845.175,51.5,131.73,0.390951188036135,16.4111650485437
"396","Temperate","Carex sempervirens",6,2,646.3901,43.08,128.12,0.336247268186076,15.00441272052
"397","Temperate","Carex sempervirens",7,2,1029.9492,80.11,246.49,0.325003042719786,12.856687055299
"398","Temperate","Carex sempervirens",8,2,712.9664,60.33,152.08,0.396699105733824,11.8177755677109
"399","Temperate","Carex sempervirens",9,2,637.3648,56.69,162.18,0.34954988284622,11.242984653378
"400","Temperate","Dethawia splendens",10,1,170.1248,4.72,25.4,0.185826771653543,36.0433898305085
"401","Temperate","Dethawia splendens",3,1,43.3211,1.45,7.15,0.202797202797203,29.8766206896552
"402","Temperate","Dethawia splendens",4,2,103.1325,3.52,19.62,0.17940876656473,29.2990056818182
"403","Temperate","Dethawia splendens",5,2,165.9456,5.07,29.71,0.170649612924941,32.7308875739645
"404","Temperate","Dethawia splendens",6,2,82.3194,3.03,12.24,0.247549019607843,27.1681188118812
"405","Temperate","Dethawia splendens",7,1,46.2274,1.43,6.95,0.205755395683453,32.3268531468532
"406","Temperate","Dethawia splendens",8,2,518.1097,17.74,115.74,0.153274580957318,29.2057328072153
"407","Temperate","Dethawia splendens",9,2,82.8167,3,14.3,0.20979020979021,27.6055666666667
"408","Temperate","Erigeron alpinus",1,2,117.9804,4.08,21.69,0.188105117565698,28.9167647058824
"409","Temperate","Erigeron alpinus",10,2,177.7453,7.08,47.25,0.14984126984127,25.1052683615819
"410","Temperate","Erigeron alpinus",2,2,238.975,7.53,41.86,0.179885332059245,31.7363877822045
"411","Temperate","Erigeron alpinus",3,2,201.411,6.84,41.59,0.164462611204616,29.4460526315789
"412","Temperate","Erigeron alpinus",4,2,164.4448,5.45,28.18,0.193399574166075,30.1733577981651
"413","Temperate","Erigeron alpinus",5,2,219.0593,8.22,33.84,0.24290780141844,26.6495498783455
"414","Temperate","Erigeron alpinus",6,2,121.8688,5.03,30.05,0.16738768718802,24.2283896620278
"415","Temperate","Erigeron alpinus",7,2,167.0981,9.35,40.81,0.22911051212938,17.8714545454545
"416","Temperate","Erigeron alpinus",8,2,118.5172,3.8,26.1,0.145593869731801,31.1887368421053
"417","Temperate","Erigeron alpinus",9,2,151.051,5.38,30.61,0.175759555700751,28.0763940520446
"418","Temperate","Euphorbia pyrenaica",1,2,74.3638,5.13,15.72,0.326335877862595,14.4958674463938
"419","Temperate","Euphorbia pyrenaica",10,2,76.8887,5.93,17.82,0.332772166105499,12.9660539629005
"420","Temperate","Euphorbia pyrenaica",2,2,32.9574,1.81,5.07,0.357001972386588,18.2085082872928
"421","Temperate","Euphorbia pyrenaica",3,2,124.1448,7.06,23.6,0.299152542372881,17.5842492917847
"422","Temperate","Euphorbia pyrenaica",4,2,66.3167,5.03,12.74,0.394819466248038,13.1842345924453
"423","Temperate","Euphorbia pyrenaica",5,2,101.6868,7.51,20.66,0.36350435624395,13.5401864181092
"424","Temperate","Euphorbia pyrenaica",6,2,63.477,3.71,11.32,0.32773851590106,17.1097035040431
"425","Temperate","Euphorbia pyrenaica",7,2,66.2642,4.58,13,0.352307692307692,14.4681659388646
"426","Temperate","Euphorbia pyrenaica",8,2,106.9068,7.36,21.21,0.347006129184347,14.5253804347826
"427","Temperate","Euphorbia pyrenaica",9,2,99.1729,6.79,18.92,0.358879492600423,14.6057290132548
"428","Temperate","Euphrasia salisburgensis",1,2,31.9819,1.49,7.84,0.190051020408163,21.4643624161074
"429","Temperate","Euphrasia salisburgensis",10,2,57.133,2.05,12.75,0.16078431372549,27.869756097561
"430","Temperate","Euphrasia salisburgensis",2,2,29.8064,1.43,5.64,0.25354609929078,20.8436363636364
"431","Temperate","Euphrasia salisburgensis",3,2,44.1937,1.85,8.87,0.208568207440812,23.8884864864865
"432","Temperate","Euphrasia salisburgensis",4,2,24.3584,1.03,4.48,0.229910714285714,23.6489320388349
"433","Temperate","Euphrasia salisburgensis",5,2,19.9946,0.77,4.16,0.185096153846154,25.967012987013
"434","Temperate","Euphrasia salisburgensis",6,2,38.9104,1.51,8.55,0.176608187134503,25.768476821192
"435","Temperate","Euphrasia salisburgensis",7,2,28.7692,1.11,5.3,0.209433962264151,25.9181981981982
"436","Temperate","Euphrasia salisburgensis",8,2,18.0181,0.68,2.77,0.245487364620939,26.4972058823529
"437","Temperate","Euphrasia salisburgensis",9,2,48.7946,2.09,13.52,0.154585798816568,23.3466985645933
"438","Temperate","Festuca burnatii",1,2,65.8244,11.08,22.39,0.494863778472532,5.94083032490975
"439","Temperate","Festuca burnatii",10,2,137.0969,15.67,38.82,0.403657908294693,8.74900446713465
"440","Temperate","Festuca burnatii",2,2,79.2072,10.75,23.83,0.451112043642467,7.36811162790698
"441","Temperate","Festuca burnatii",3,2,89.7574,9.87,25.82,0.382261812548412,9.09396149949341
"442","Temperate","Festuca burnatii",4,2,96.0924,13.61,28.36,0.479901269393512,7.06042615723733
"443","Temperate","Festuca burnatii",5,2,37.028,3.98,8.49,0.468786808009423,9.3035175879397
"444","Temperate","Festuca burnatii",6,2,78.8942,7.8,21.11,0.369493131217432,10.114641025641
"445","Temperate","Festuca burnatii",7,2,51.676,5.48,13.31,0.411720510894065,9.42992700729927
"446","Temperate","Festuca burnatii",8,2,60.1828,6.08,13.67,0.444769568397952,9.89848684210526
"447","Temperate","Festuca burnatii",9,2,71.8534,8.21,17.02,0.482373678025852,8.75193666260658
"448","Temperate","Festuca glacialis",1,2,49.0064,2.08,6.75,0.308148148148148,23.5607692307692
"449","Temperate","Festuca glacialis",10,2,32.8499,1.08,4.37,0.247139588100687,30.4165740740741
"450","Temperate","Festuca glacialis",2,2,23.9601,0.91,3.63,0.25068870523416,26.3297802197802
"451","Temperate","Festuca glacialis",3,2,45.0318,1.73,6.13,0.282218597063622,26.0299421965318
"452","Temperate","Festuca glacialis",4,2,23.0644,0.96,3.26,0.294478527607362,24.0254166666667
"453","Temperate","Festuca glacialis",5,2,34.444,1.56,4.45,0.350561797752809,22.0794871794872
"454","Temperate","Festuca glacialis",6,2,21.6066,0.93,2.65,0.350943396226415,23.2329032258064
"455","Temperate","Festuca glacialis",7,2,35.8029,1.57,5.11,0.307240704500978,22.8043949044586
"456","Temperate","Festuca glacialis",8,2,27.3799,0.94,3.04,0.309210526315789,29.1275531914894
"457","Temperate","Festuca glacialis",9,2,26.2831,1.14,3.86,0.295336787564767,23.055350877193
"458","Temperate","Festuca hystrix",1,2,65.8244,1.14,3.01,0.378737541528239,57.740701754386
"459","Temperate","Festuca hystrix",10,2,137.0969,2.35,6.2,0.379032258064516,58.3391063829787
"460","Temperate","Festuca hystrix",2,2,79.2072,1.64,3.44,0.476744186046512,48.2970731707317
"461","Temperate","Festuca hystrix",3,2,89.7574,1.51,3.46,0.436416184971098,59.4419867549669
"462","Temperate","Festuca hystrix",4,2,96.0924,3.01,7.56,0.398148148148148,31.9243853820598
"463","Temperate","Festuca hystrix",5,2,37.028,2.9,7.1,0.408450704225352,12.768275862069
"464","Temperate","Festuca hystrix",6,2,78.8942,3.16,8.17,0.386780905752754,24.9665189873418
"465","Temperate","Festuca hystrix",7,2,51.676,0.83,2.06,0.402912621359223,62.2602409638554
"466","Temperate","Festuca hystrix",8,2,60.1828,2.06,5.02,0.410358565737052,29.2149514563107
"467","Temperate","Festuca hystrix",9,2,71.8534,1.2,3.29,0.364741641337386,59.8778333333333
"468","Temperate","Festuca rubra",1,2,118.7883,6.89,22.16,0.310920577617328,17.2406821480406
"469","Temperate","Festuca rubra",10,2,73.5284,3.71,12.15,0.305349794238683,19.8189757412399
"470","Temperate","Festuca rubra",2,2,60.9245,3.52,11.61,0.303186907838071,17.3080965909091
"471","Temperate","Festuca rubra",3,2,86.1862,2.86,10.01,0.285714285714286,30.135034965035
"472","Temperate","Festuca rubra",4,2,69.1805,3.12,10.73,0.290773532152843,22.1732371794872
"473","Temperate","Festuca rubra",5,2,72.8893,3.95,12.22,0.323240589198036,18.4529873417722
"474","Temperate","Festuca rubra",6,2,70.2217,2.29,9.18,0.249455337690632,30.6644978165939
"475","Temperate","Festuca rubra",7,2,77.5711,3.98,11.7,0.34017094017094,19.4902261306533
"476","Temperate","Festuca rubra",8,2,46.2939,1.86,7.04,0.264204545454545,24.8891935483871
"477","Temperate","Festuca rubra",9,2,51.753,2.02,6.69,0.301943198804185,25.620297029703
"478","Temperate","Galium pyrenaicum",1,6,10.3923,0.54,1.57,0.343949044585987,19.245
"479","Temperate","Galium pyrenaicum",10,6,10.5072,0.59,1.3,0.453846153846154,17.808813559322
"480","Temperate","Galium pyrenaicum",2,6,9.2002,0.65,1.74,0.373563218390805,14.1541538461538
"481","Temperate","Galium pyrenaicum",3,6,9.4409,0.58,1.57,0.369426751592357,16.2774137931034
"482","Temperate","Galium pyrenaicum",4,6,14.1063,0.85,2.53,0.33596837944664,16.5956470588235
"483","Temperate","Galium pyrenaicum",5,6,12.6899,0.6,1.92,0.3125,21.1498333333333
"484","Temperate","Galium pyrenaicum",6,6,12.1049,0.66,2.16,0.305555555555556,18.3407575757576
"485","Temperate","Galium pyrenaicum",7,6,11.7727,0.7,2.31,0.303030303030303,16.8181428571429
"486","Temperate","Galium pyrenaicum",8,6,10.649,0.56,1.36,0.411764705882353,19.0160714285714
"487","Temperate","Galium pyrenaicum",9,6,9.0889,0.5,1.45,0.344827586206897,18.1778
"488","Temperate","Gentiana occidentalis",1,2,202.9828,23.17,85.44,0.271184456928839,8.76058696590419
"489","Temperate","Gentiana occidentalis",10,2,213.5692,20.27,86.58,0.234118734118734,10.5362210162802
"490","Temperate","Gentiana occidentalis",2,2,236.3764,20.81,86.93,0.23938801334407,11.358789043729
"491","Temperate","Gentiana occidentalis",3,2,271.448,27.15,111.57,0.243344985211078,9.9980847145488
"492","Temperate","Gentiana occidentalis",4,2,163.3774,10.47,55.7,0.187971274685817,15.6043361986628
"493","Temperate","Gentiana occidentalis",5,2,151.4172,13.47,50.17,0.268487143711381,11.2410690423163
"494","Temperate","Gentiana occidentalis",6,2,217.8552,11.07,60.86,0.181892868879395,19.679783197832
"495","Temperate","Gentiana occidentalis",7,2,208.2769,22.38,88.22,0.253683971888461,9.30638516532618
"496","Temperate","Gentiana occidentalis",8,2,163.9022,8.51,44.74,0.190210102816272,19.2599529964747
"497","Temperate","Gentiana occidentalis",9,2,233.2652,14.64,78.92,0.185504308160162,15.9334153005464
"498","Temperate","Gentiana verna",1,2,25.6081,1.18,5.7,0.207017543859649,21.7017796610169
"499","Temperate","Gentiana verna",10,2,34.2016,2.05,7.8,0.262820512820513,16.6837073170732
"500","Temperate","Gentiana verna",2,2,77.1762,3.89,21.2,0.183490566037736,19.8396401028278
"501","Temperate","Gentiana verna",3,2,35.7437,1.71,7.9,0.216455696202532,20.9027485380117
"502","Temperate","Gentiana verna",4,2,47.4894,2.98,12.47,0.23897353648757,15.9360402684564
"503","Temperate","Gentiana verna",5,2,27.511,1.5,6.13,0.244698205546493,18.3406666666667
"504","Temperate","Gentiana verna",6,2,54.1873,2.81,15.81,0.177735610373182,19.2837366548043
"505","Temperate","Gentiana verna",7,2,37.2121,1.73,7.83,0.220945083014049,21.5098843930636
"506","Temperate","Gentiana verna",8,2,52.787,3.39,13.43,0.252419955323902,15.5713864306785
"507","Temperate","Gentiana verna",9,2,62.314,2.41,13.13,0.183549124143184,25.8564315352697
"508","Temperate","Gypsophila repens",1,2,20.3967,1.3,6.01,0.21630615640599,15.6897692307692
"509","Temperate","Gypsophila repens",10,2,27.8108,1.79,8.03,0.222914072229141,15.5367597765363
"510","Temperate","Gypsophila repens",2,2,35.8209,2.37,10.8,0.219444444444444,15.1143037974684
"511","Temperate","Gypsophila repens",3,2,22.1578,1.52,5.87,0.258943781942078,14.5775
"512","Temperate","Gypsophila repens",4,2,24.671,1.07,6.26,0.170926517571885,23.0570093457944
"513","Temperate","Gypsophila repens",5,2,35.6952,1.93,9.04,0.213495575221239,18.4949222797927
"514","Temperate","Gypsophila repens",6,2,26.2562,1.35,6.36,0.212264150943396,19.449037037037
"515","Temperate","Gypsophila repens",7,2,26.4087,1.64,6.75,0.242962962962963,16.1028658536585
"516","Temperate","Gypsophila repens",8,2,33.1047,1.66,7.91,0.209860935524652,19.9425903614458
"517","Temperate","Gypsophila repens",9,2,31.7081,1.72,8.3,0.207228915662651,18.4349418604651
"518","Temperate","Helianthemum cantabricum",1,2,158.4018,14.7,47.04,0.3125,10.7756326530612
"519","Temperate","Helianthemum cantabricum",10,2,183.9294,17.75,54.27,0.327068361894232,10.3622197183099
"520","Temperate","Helianthemum cantabricum",2,2,185.8118,15.73,51.98,0.302616390919584,11.8125746980292
"521","Temperate","Helianthemum cantabricum",3,2,121.0082,12.82,36.28,0.353362734288864,9.43901716068643
"522","Temperate","Helianthemum cantabricum",4,2,138.152,12.91,39.15,0.329757343550447,10.7011618900077
"523","Temperate","Helianthemum cantabricum",5,2,106.8308,9.92,30.42,0.326101249178172,10.7692338709677
"524","Temperate","Helianthemum cantabricum",6,2,224.847,20.86,52.2,0.399616858237548,10.7788590604027
"525","Temperate","Helianthemum cantabricum",7,2,119.6054,10.93,30.66,0.356490541422048,10.9428545288198
"526","Temperate","Helianthemum cantabricum",8,2,178.6045,17.48,51.77,0.337647286073015,10.2176487414188
"527","Temperate","Helianthemum cantabricum",9,2,120.3602,12.99,34.81,0.373168629704108,9.26560431100847
"528","Temperate","Helianthemum canum",1,2,73.6415,7.33,21.73,0.337321675103543,10.0465893587995
"529","Temperate","Helianthemum canum",10,2,34.347,2.7,8.74,0.308924485125858,12.7211111111111
"530","Temperate","Helianthemum canum",2,2,59.7846,5.21,17.89,0.291224147568474,11.4749712092131
"531","Temperate","Helianthemum canum",3,2,57.1762,5.16,15.49,0.333118140735959,11.0806589147287
"532","Temperate","Helianthemum canum",4,2,50.6669,3.83,13,0.294615384615385,13.228955613577
"533","Temperate","Helianthemum canum",5,2,52.3293,4.56,15.27,0.298624754420432,11.4757236842105
"534","Temperate","Helianthemum canum",6,2,41.0053,3.71,10.81,0.343200740055504,11.052641509434
"535","Temperate","Helianthemum canum",7,2,60.5906,5.59,17.65,0.31671388101983,10.8391055456172
"536","Temperate","Helianthemum canum",8,2,63.5131,5.44,18.75,0.290133333333333,11.6752022058824
"537","Temperate","Helianthemum canum",9,2,76.1547,6.35,22.79,0.278630978499342,11.9928661417323
"538","Temperate","Helianthemum urrielense",1,2,103.5114,5.91,24.45,0.241717791411043,17.5146192893401
"539","Temperate","Helianthemum urrielense",10,2,68.055,4.59,16.05,0.285981308411215,14.8267973856209
"540","Temperate","Helianthemum urrielense",2,2,32.4997,2.27,7.65,0.296732026143791,14.3170484581498
"541","Temperate","Helianthemum urrielense",3,2,73.5733,4.49,18.02,0.249167591564928,16.3860356347439
"542","Temperate","Helianthemum urrielense",4,2,70.166,5,18.26,0.273822562979189,14.0332
"543","Temperate","Helianthemum urrielense",5,2,56.6789,4.55,14.42,0.315533980582524,12.4569010989011
"544","Temperate","Helianthemum urrielense",6,2,51.6794,3.86,14.07,0.274342572850036,13.3884455958549
"545","Temperate","Helianthemum urrielense",7,2,42.9872,3.4,11.54,0.294627383015598,12.6432941176471
"546","Temperate","Helianthemum urrielense",8,2,48.0908,3.7,13.33,0.277569392348087,12.9975135135135
"547","Temperate","Helianthemum urrielense",9,2,40.7217,3.37,11.59,0.29076790336497,12.083590504451
"548","Temperate","Helictotrichon sedenense",1,2,566.1599,30.4,97.94,0.310394118848274,18.6236809210526
"549","Temperate","Helictotrichon sedenense",10,2,733.4775,40.69,130.2,0.312519201228879,18.0259891865323
"550","Temperate","Helictotrichon sedenense",2,2,533.4919,30.21,91.13,0.331504444200593,17.6594472029129
"551","Temperate","Helictotrichon sedenense",3,2,764.3793,67.27,116.05,0.579663937957777,11.3628556563104
"552","Temperate","Helictotrichon sedenense",4,2,1059.2457,71.14,212.32,0.335060286360211,14.8895937587855
"553","Temperate","Helictotrichon sedenense",5,2,404.0225,26.45,73.61,0.359326178508355,15.2749527410208
"554","Temperate","Helictotrichon sedenense",6,2,607.6662,34.71,101.48,0.342037839968467,17.5069490060501
"555","Temperate","Helictotrichon sedenense",7,2,849.5135,57.22,153.78,0.372089998699441,14.8464435512059
"556","Temperate","Helictotrichon sedenense",8,2,372.1568,22.99,72.2,0.318421052631579,16.1877685950413
"557","Temperate","Helictotrichon sedenense",9,2,330.733,18.91,59.56,0.317494963062458,17.4898466419884
"558","Temperate","Hornungia alpina",1,2,26.0525,1.24,5.44,0.227941176470588,21.0100806451613
"559","Temperate","Hornungia alpina",10,2,26.5538,1.4,7.22,0.193905817174515,18.967
"560","Temperate","Hornungia alpina",2,2,25.2995,1.2,6.4,0.1875,21.0829166666667
"561","Temperate","Hornungia alpina",3,2,46.9701,1.96,9.13,0.214676889375685,23.9643367346939
"562","Temperate","Hornungia alpina",4,2,29.5511,1.28,6.02,0.212624584717608,23.086796875
"563","Temperate","Hornungia alpina",5,2,52.8108,3.05,13.97,0.21832498210451,17.3150163934426
"564","Temperate","Hornungia alpina",6,2,66.6497,4.6,20.79,0.221260221260221,14.4890652173913
"565","Temperate","Hornungia alpina",7,2,29.3104,1.25,6.89,0.181422351233672,23.44832
"566","Temperate","Hornungia alpina",8,2,30.7548,0.95,4.07,0.233415233415233,32.3734736842105
"567","Temperate","Hornungia alpina",9,2,31.1348,0.78,6.53,0.119448698315467,39.9164102564103
"568","Temperate","Iberis carnosa",1,2,48.8035,2.19,17.54,0.124857468643101,22.284703196347
"569","Temperate","Iberis carnosa",10,2,194.566,12.24,95.92,0.127606338615513,15.8959150326797
"570","Temperate","Iberis carnosa",2,2,106.5273,6.74,55.03,0.122478648010176,15.805237388724
"571","Temperate","Iberis carnosa",3,2,71.1175,4.69,30.09,0.155865736124958,15.1636460554371
"572","Temperate","Iberis carnosa",4,2,49.1105,3,22.69,0.132216835610401,16.3701666666667
"573","Temperate","Iberis carnosa",5,2,75.6647,5.17,36.3,0.142424242424242,14.6353384912959
"574","Temperate","Iberis carnosa",6,2,73.374,4.34,35.5,0.122253521126761,16.9064516129032
"575","Temperate","Iberis carnosa",7,2,117.1259,9.38,71.81,0.130622475978276,12.4867697228145
"576","Temperate","Iberis carnosa",8,2,37.0936,1.45,11.03,0.131459655485041,25.5817931034483
"577","Temperate","Iberis carnosa",9,2,64.8919,4.12,34.67,0.118834727430055,15.7504611650485
"578","Temperate","Jacobea boissieri",1,2,136.9248,17.79,63.35,0.280820836621942,7.69672849915683
"579","Temperate","Jacobea boissieri",10,2,162.7602,23.7,74.87,0.316548684386269,6.86751898734177
"580","Temperate","Jacobea boissieri",2,2,68.7059,8.72,27.13,0.321415407298194,7.87911697247706
"581","Temperate","Jacobea boissieri",3,2,153.5113,23.28,68.69,0.338913961275295,6.59412800687285
"582","Temperate","Jacobea boissieri",4,2,69.352,9.32,30.18,0.308813783962889,7.4412017167382
"583","Temperate","Jacobea boissieri",5,2,91.4461,12.1,42.61,0.283970898850035,7.55752892561984
"584","Temperate","Jacobea boissieri",6,2,96.2896,12.74,46.01,0.27689632688546,7.55805337519623
"585","Temperate","Jacobea boissieri",7,2,83.8244,12.4,39.22,0.316165221825599,6.76003225806452
"586","Temperate","Jacobea boissieri",8,2,224.3511,30.1,120.6,0.249585406301824,7.45352491694352
"587","Temperate","Jacobea boissieri",9,2,98.6389,14.4,50.19,0.286909742976689,6.84992361111111
"588","Temperate","Jasione cavanillesii",1,2,13.1316,0.43,2.05,0.209756097560976,30.5386046511628
"589","Temperate","Jasione cavanillesii",10,2,16.9662,0.53,2.19,0.242009132420091,32.0116981132075
"590","Temperate","Jasione cavanillesii",2,2,14.4762,0.72,2.22,0.324324324324324,20.1058333333333
"591","Temperate","Jasione cavanillesii",3,2,14.9466,0.6,2.45,0.244897959183673,24.911
"592","Temperate","Jasione cavanillesii",4,2,22.5688,0.76,3.2,0.2375,29.6957894736842
"593","Temperate","Jasione cavanillesii",5,2,22.1973,0.83,3.92,0.211734693877551,26.743734939759
"594","Temperate","Jasione cavanillesii",6,2,18.4274,0.89,3.43,0.259475218658892,20.7049438202247
"595","Temperate","Jasione cavanillesii",7,2,9.2847,0.32,1.59,0.20125786163522,29.0146875
"596","Temperate","Jasione cavanillesii",8,2,10.7585,0.45,1.73,0.260115606936416,23.9077777777778
"597","Temperate","Jasione cavanillesii",9,2,31.5268,1.43,5.96,0.23993288590604,22.0467132867133
"598","Temperate","Jurinea humilis",1,2,317.5568,19.76,80.56,0.245283018867925,16.0706882591093
"599","Temperate","Jurinea humilis",10,2,245.5309,14.54,38.37,0.378941881678395,16.8865818431912
"600","Temperate","Jurinea humilis",2,2,125.7895,7.03,27.47,0.255915544230069,17.8932432432432
"601","Temperate","Jurinea humilis",3,2,199.0971,12.26,58.34,0.210147411724374,16.2395676998369
"602","Temperate","Jurinea humilis",4,2,299.7792,18.91,74.2,0.254851752021563,15.8529455314648
"603","Temperate","Jurinea humilis",5,2,285.3514,14.86,73.94,0.200973762510143,19.2026514131898
"604","Temperate","Jurinea humilis",6,2,288.7371,18.54,75.71,0.244881785761458,15.5737378640777
"605","Temperate","Jurinea humilis",7,2,302.4145,19.48,80.25,0.242741433021807,15.5243583162218
"606","Temperate","Jurinea humilis",8,2,274.785,13.95,66.81,0.208801077682982,19.6978494623656
"607","Temperate","Jurinea humilis",9,2,208.8771,13.68,60.45,0.226302729528536,15.2687938596491
"608","Temperate","Kobresia myosuroides",1,2,124.9457,7.71,19.42,0.397013388259526,16.2056679636835
"609","Temperate","Kobresia myosuroides",10,2,184.1855,10.11,26.5,0.381509433962264,18.2181503461919
"610","Temperate","Kobresia myosuroides",2,2,119.734,7.15,18.07,0.39568345323741,16.746013986014
"611","Temperate","Kobresia myosuroides",3,2,137.3809,7.69,18.68,0.411670235546039,17.8648764629389
"612","Temperate","Kobresia myosuroides",4,2,96.6153,4.77,11.76,0.405612244897959,20.2547798742138
"613","Temperate","Kobresia myosuroides",5,2,119.6317,7.95,18.62,0.426960257787325,15.0480125786164
"614","Temperate","Kobresia myosuroides",6,2,67.104,4.06,10.04,0.404382470119522,16.528078817734
"615","Temperate","Kobresia myosuroides",7,2,183.4712,12.13,33.14,0.366022933011467,15.1254080791426
"616","Temperate","Kobresia myosuroides",8,2,91.2528,5.51,13.67,0.403072421360644,16.5613067150635
"617","Temperate","Kobresia myosuroides",9,2,105.5975,6.58,16.76,0.392601431980907,16.0482522796353
"618","Temperate","Koeleria vallesiana",1,2,64.8104,2.77,11.6,0.238793103448276,23.3972563176895
"619","Temperate","Koeleria vallesiana",10,2,115.0571,5.43,20.3,0.267487684729064,21.189152854512
"620","Temperate","Koeleria vallesiana",2,2,68.7658,3.23,12.58,0.256756756756757,21.2897213622291
"621","Temperate","Koeleria vallesiana",3,2,94.975,4.42,18.77,0.235482152370804,21.487556561086
"622","Temperate","Koeleria vallesiana",4,2,70.1764,3.59,13.46,0.266716196136701,19.5477437325905
"623","Temperate","Koeleria vallesiana",5,2,76.4398,3.39,12.48,0.271634615384615,22.5486135693215
"624","Temperate","Koeleria vallesiana",6,2,140.2685,7.53,23.5,0.320425531914894,18.6279548472776
"625","Temperate","Koeleria vallesiana",7,2,81.0107,3.72,12.98,0.286594761171032,21.7770698924731
"626","Temperate","Koeleria vallesiana",8,2,64.8356,3.21,12.14,0.264415156507413,20.1980062305296
"627","Temperate","Koeleria vallesiana",9,2,114.962,7.59,23.41,0.324220418624519,15.1465085638999
"628","Temperate","Linaria alpina",1,2,31.7242,0.97,7.99,0.121401752190238,32.7053608247423
"629","Temperate","Linaria alpina",10,2,56.9157,2.71,20,0.1355,21.0021033210332
"630","Temperate","Linaria alpina",2,2,25.3531,0.85,7.3,0.116438356164384,29.8271764705882
"631","Temperate","Linaria alpina",3,2,61.0039,3.36,24.94,0.134723336006415,18.1559226190476
"632","Temperate","Linaria alpina",4,2,31.5339,1.4,10.86,0.128913443830571,22.5242142857143
"633","Temperate","Linaria alpina",5,2,36.8317,2.08,13.04,0.159509202453988,17.7075480769231
"634","Temperate","Linaria alpina",6,2,39.6422,2.53,15.06,0.167994687915007,15.6688537549407
"635","Temperate","Linaria alpina",7,2,31.7995,1.77,11.52,0.153645833333333,17.9658192090395
"636","Temperate","Linaria alpina",8,2,62.4217,3.4,22.26,0.152740341419587,18.3593235294118
"637","Temperate","Linaria alpina",9,2,31.8569,1.56,10.6,0.147169811320755,20.4210897435897
"638","Temperate","Lotus corniculatus",1,2,86.8199,5.03,19.21,0.26184279021343,17.2604174950298
"639","Temperate","Lotus corniculatus",10,2,106.0307,5.57,23.81,0.233935321293574,19.0360323159785
"640","Temperate","Lotus corniculatus",2,2,122.8977,6.44,27.64,0.232995658465991,19.0834937888199
"641","Temperate","Lotus corniculatus",3,2,127.7177,6.19,26.48,0.233761329305136,20.6329079159935
"642","Temperate","Lotus corniculatus",4,2,114.9466,5.9,21.53,0.274036228518346,19.4824745762712
"643","Temperate","Lotus corniculatus",5,2,146.1303,7.93,30.43,0.260598093986198,18.4275283732661
"644","Temperate","Lotus corniculatus",6,2,154.0126,9.54,45.76,0.208479020979021,16.1438784067086
"645","Temperate","Lotus corniculatus",7,2,23.3792,0.85,3.49,0.243553008595989,27.5049411764706
"646","Temperate","Lotus corniculatus",8,2,88.3964,5.18,23.4,0.221367521367521,17.0649420849421
"647","Temperate","Lotus corniculatus",9,2,99.486,4.87,20.99,0.232015245354931,20.4283367556468
"648","Temperate","Luzula pediformis",1,2,558.9122,34.45,141.15,0.24406659582005,16.2238664731495
"649","Temperate","Luzula pediformis",10,2,233.4063,11.37,49.89,0.227901383042694,20.5282585751979
"650","Temperate","Luzula pediformis",2,2,763.2217,38.75,170.1,0.227807172251617,19.6960438709677
"651","Temperate","Luzula pediformis",3,2,372.2878,18.22,81.22,0.224328983009111,20.4329198682766
"652","Temperate","Luzula pediformis",4,2,468.7837,26.26,99.7,0.263390170511535,17.8516260472201
"653","Temperate","Luzula pediformis",5,2,222.7059,11.74,46.22,0.254002596278667,18.9698381601363
"654","Temperate","Luzula pediformis",6,2,289.7086,16.59,62.42,0.265780198654277,17.4628450874021
"655","Temperate","Luzula pediformis",7,2,487.0317,25.98,104.53,0.248541088682675,18.7464087759815
"656","Temperate","Luzula pediformis",8,2,358.2571,19.3,86.18,0.223949872360176,18.5625440414508
"657","Temperate","Luzula pediformis",9,2,312.4127,17.53,64.83,0.270399506401357,17.8216029663434
"658","Temperate","Minuartia verna",1,4,14.0213,0.65,2.43,0.267489711934156,21.5712307692308
"659","Temperate","Minuartia verna",10,4,16.659,0.7,2.44,0.286885245901639,23.7985714285714
"660","Temperate","Minuartia verna",2,4,13.554,0.7,2.75,0.254545454545455,19.3628571428571
"661","Temperate","Minuartia verna",3,4,12.7124,0.62,2.13,0.291079812206573,20.5038709677419
"662","Temperate","Minuartia verna",4,4,12.8566,0.52,2.4,0.216666666666667,24.7242307692308
"663","Temperate","Minuartia verna",5,4,14.0269,0.63,2.27,0.277533039647577,22.2649206349206
"664","Temperate","Minuartia verna",6,4,13.1889,0.49,2.19,0.223744292237443,26.9161224489796
"665","Temperate","Minuartia verna",7,4,13.4462,0.56,1.98,0.282828282828283,24.0110714285714
"666","Temperate","Minuartia verna",8,4,12.1119,0.61,2.06,0.296116504854369,19.8555737704918
"667","Temperate","Minuartia verna",9,4,17.0643,0.91,3.38,0.269230769230769,18.751978021978
"668","Temperate","Oxytropis neglecta",1,2,510.5973,31.16,149.87,0.207913525055048,16.3863061617458
"669","Temperate","Oxytropis neglecta",10,2,712.6588,37.46,189.66,0.197511336075082,19.0245274959957
"670","Temperate","Oxytropis neglecta",2,2,627.8335,38.69,186.7,0.207230851633637,16.2272809511502
"671","Temperate","Oxytropis neglecta",3,2,821.6959,47.91,241.7,0.198220935043442,17.150822375287
"672","Temperate","Oxytropis neglecta",4,2,1217.6399,69.96,393.72,0.177689728741237,17.4048013150372
"673","Temperate","Oxytropis neglecta",5,2,638.9285,35.83,189.04,0.18953660600931,17.8322216020095
"674","Temperate","Oxytropis neglecta",6,2,416.0398,22.55,116.2,0.194061962134251,18.4496585365854
"675","Temperate","Oxytropis neglecta",7,2,1256.8308,80.62,365.9,0.220333424432905,15.5895658645497
"676","Temperate","Oxytropis neglecta",8,2,654.8633,45.91,195.02,0.235411752640755,14.2640666521455
"677","Temperate","Oxytropis neglecta",9,2,695.9638,46.89,216.9,0.216182572614108,14.8424781403284
"678","Temperate","Paronychia kapela",1,2,17.7213,1.77,5.12,0.345703125,10.0120338983051
"679","Temperate","Paronychia kapela",10,2,14.8923,1.88,4.93,0.381338742393509,7.92143617021277
"680","Temperate","Paronychia kapela",2,2,19.7592,2.33,5.94,0.392255892255892,8.48034334763948
"681","Temperate","Paronychia kapela",3,2,13.3466,1.63,3.84,0.424479166666667,8.1880981595092
"682","Temperate","Paronychia kapela",4,2,21.4389,2.51,5.81,0.432013769363167,8.54139442231076
"683","Temperate","Paronychia kapela",5,2,19.9656,2.16,5.63,0.383658969804618,9.24333333333333
"684","Temperate","Paronychia kapela",6,2,11.8534,1.99,4.61,0.431670281995662,5.9564824120603
"685","Temperate","Paronychia kapela",7,2,14.3493,1.23,3.48,0.353448275862069,11.6660975609756
"686","Temperate","Paronychia kapela",8,2,24.0144,3.96,9,0.44,6.06424242424242
"687","Temperate","Paronychia kapela",9,2,20.5484,2.63,6.76,0.38905325443787,7.81307984790875
"688","Temperate","Pedicularis pyrenaica",1,2,515.3319,28.05,135.44,0.207102776137035,18.3719037433155
"689","Temperate","Pedicularis pyrenaica",10,2,313.888,19.5,87.21,0.22359821121431,16.0968205128205
"690","Temperate","Pedicularis pyrenaica",2,2,417.3199,27.75,104.91,0.264512439233629,15.038554954955
"691","Temperate","Pedicularis pyrenaica",3,2,550.7293,45.85,14.69,3.1211708645337,12.0115441657579
"692","Temperate","Pedicularis pyrenaica",4,2,203.3826,9.39,43.03,0.218219846618638,21.6594888178914
"693","Temperate","Pedicularis pyrenaica",5,2,336.1384,20.99,82.59,0.254146991161158,16.0142162934731
"694","Temperate","Pedicularis pyrenaica",6,2,368.9856,23.89,96.87,0.246619180344792,15.4451904562578
"695","Temperate","Pedicularis pyrenaica",7,2,319.3169,17.25,70.35,0.245202558635394,18.5111246376812
"696","Temperate","Pedicularis pyrenaica",8,2,373.0946,20.96,85.67,0.244659740866114,17.8003148854962
"697","Temperate","Pedicularis pyrenaica",9,2,496.0625,30,125.47,0.239100980314019,16.5354166666667
"698","Temperate","Phyteuma orbiculare",1,2,424.7294,17.8,85.42,0.208382111917584,23.861202247191
"699","Temperate","Phyteuma orbiculare",10,2,335.118,18.1,76.27,0.237314802674708,18.5148066298343
"700","Temperate","Phyteuma orbiculare",2,2,395.1918,15.8,82.95,0.19047619047619,25.0121392405063
"701","Temperate","Phyteuma orbiculare",3,2,362.8685,12.11,67.36,0.179780285035629,29.9643682906689
"702","Temperate","Phyteuma orbiculare",4,2,414.7094,16.78,91.36,0.183669001751314,24.714505363528
"703","Temperate","Phyteuma orbiculare",5,2,366.9027,13.45,73.29,0.183517533087734,27.2790111524164
"704","Temperate","Phyteuma orbiculare",6,2,230.3718,9.46,53.46,0.176954732510288,24.3521987315011
"705","Temperate","Phyteuma orbiculare",7,2,502.8897,20.1,100.83,0.199345432906873,25.0193880597015
"706","Temperate","Phyteuma orbiculare",8,2,447.1058,18.44,91.56,0.201397990388816,24.2465184381779
"707","Temperate","Phyteuma orbiculare",9,2,233.8018,9.5,45.7,0.207877461706783,24.6107157894737
"708","Temperate","Plantago alpina",1,2,80.3856,4.52,25.2,0.179365079365079,17.7844247787611
"709","Temperate","Plantago alpina",10,2,156.1545,10.15,48.45,0.209494324045408,15.3846798029557
"710","Temperate","Plantago alpina",2,2,87.9922,4.69,23.74,0.197556866048863,18.7616631130064
"711","Temperate","Plantago alpina",3,2,86.4971,5.38,27.52,0.195494186046512,16.0775278810409
"712","Temperate","Plantago alpina",4,2,180.9314,7.95,48.45,0.164086687306502,22.7586666666667
"713","Temperate","Plantago alpina",5,2,122.4695,5.82,36.62,0.158929546695795,21.0428694158076
"714","Temperate","Plantago alpina",6,2,134.9209,10.57,48.49,0.217983089296762,12.7645127719962
"715","Temperate","Plantago alpina",7,2,90.8436,4.9,29.76,0.164650537634409,18.5395102040816
"716","Temperate","Plantago alpina",8,2,106.1536,5.75,28.9,0.198961937716263,18.4614956521739
"717","Temperate","Plantago alpina",9,2,87.6252,4.65,25.17,0.184743742550656,18.8441290322581
"718","Temperate","Poa alpina",1,2,68.695,3.33,12.54,0.26555023923445,20.6291291291291
"719","Temperate","Poa alpina",10,2,124.6823,5.39,18.55,0.290566037735849,23.1321521335807
"720","Temperate","Poa alpina",2,2,145.0425,6.59,22.56,0.292109929078014,22.0094840667678
"721","Temperate","Poa alpina",3,2,111.0932,5.05,19.86,0.254279959718026,21.9986534653465
"722","Temperate","Poa alpina",4,2,97.095,3.05,13.62,0.223935389133627,31.8344262295082
"723","Temperate","Poa alpina",5,2,260.7946,14.07,47.88,0.293859649122807,18.5355081734186
"724","Temperate","Poa alpina",6,2,271.0769,14.88,47.35,0.314255543822598,18.2175336021505
"725","Temperate","Poa alpina",7,2,67.229,2.33,9.01,0.258601553829079,28.8536480686695
"726","Temperate","Poa alpina",8,2,222.1068,6.24,28.78,0.21681723419041,35.5940384615385
"727","Temperate","Poa alpina",9,2,169.9203,5.02,22.39,0.224207235372934,33.8486653386454
"728","Temperate","Ranunculus parnassiifolius",1,2,131.486,13.34,66.74,0.19988013185496,9.85652173913043
"729","Temperate","Ranunculus parnassiifolius",10,2,159.9728,15.45,74.01,0.208755573571139,10.3542265372168
"730","Temperate","Ranunculus parnassiifolius",2,2,190.2515,22.42,106.79,0.209944751381215,8.48579393398751
"731","Temperate","Ranunculus parnassiifolius",3,2,84.0597,9.69,43.17,0.224461431549687,8.67489164086687
"732","Temperate","Ranunculus parnassiifolius",4,2,162.6154,18.09,87.23,0.207382781153273,8.98924267551133
"733","Temperate","Ranunculus parnassiifolius",5,2,149.3991,13.39,66.76,0.200569203115638,11.1575130694548
"734","Temperate","Ranunculus parnassiifolius",6,2,204.3476,22.95,99.72,0.23014440433213,8.9040348583878
"735","Temperate","Ranunculus parnassiifolius",7,2,135.7846,13.51,64.02,0.211027803811309,10.0506735751295
"736","Temperate","Ranunculus parnassiifolius",8,2,170.9195,17.18,87.1,0.197244546498278,9.94874854481956
"737","Temperate","Ranunculus parnassiifolius",9,2,149.8679,18.08,76.09,0.237613352608753,8.28915376106195
"738","Temperate","Salix breviserrata",1,2,83.6855,5.54,16.33,0.339252908756889,15.1056859205776
"739","Temperate","Salix breviserrata",10,2,177.4921,15.46,40.4,0.382673267326733,11.4807309184994
"740","Temperate","Salix breviserrata",2,2,175.2159,14.38,39.36,0.365345528455285,12.1846940194715
"741","Temperate","Salix breviserrata",3,2,94.3596,7,20.26,0.345508390918065,13.4799428571429
"742","Temperate","Salix breviserrata",4,2,100.727,7.22,19.85,0.363727959697733,13.951108033241
"743","Temperate","Salix breviserrata",5,2,95.9644,6.21,17.2,0.361046511627907,15.4532045088567
"744","Temperate","Salix breviserrata",6,2,49.202,3.72,9.42,0.394904458598726,13.2263440860215
"745","Temperate","Salix breviserrata",7,2,133.593,8.41,26.12,0.32197549770291,15.8850178359096
"746","Temperate","Salix breviserrata",8,2,123.987,9.08,24.79,0.36627672448568,13.6549559471366
"747","Temperate","Salix breviserrata",9,2,127.3854,9.73,25.33,0.384129490722464,13.0920246659815
"748","Temperate","Saxifraga conifera",1,2,19.8762,1.62,6.33,0.255924170616114,12.2692592592593
"749","Temperate","Saxifraga conifera",10,2,17.756,1.46,5.68,0.257042253521127,12.1616438356164
"750","Temperate","Saxifraga conifera",2,2,12.1281,1.13,3.54,0.319209039548023,10.7328318584071
"751","Temperate","Saxifraga conifera",3,2,10.9397,0.78,3.25,0.24,14.0252564102564
"752","Temperate","Saxifraga conifera",4,2,12.7152,0.98,4.02,0.243781094527363,12.974693877551
"753","Temperate","Saxifraga conifera",5,2,21.7252,1.62,7.13,0.227208976157083,13.4106172839506
"754","Temperate","Saxifraga conifera",6,2,19.474,1.67,6.21,0.268921095008052,11.6610778443114
"755","Temperate","Saxifraga conifera",7,2,14.9035,1.14,4.64,0.245689655172414,13.0732456140351
"756","Temperate","Saxifraga conifera",8,2,14.1656,0.87,3.91,0.222506393861893,16.2822988505747
"757","Temperate","Saxifraga conifera",9,2,13.5176,1.34,4.45,0.301123595505618,10.0877611940299
"758","Temperate","Saxifraga oppositifolia",1,4,15.7383,1.11,3.1,0.358064516129032,14.1786486486486
"759","Temperate","Saxifraga oppositifolia",10,4,26.0731,1.96,5.67,0.345679012345679,13.3026020408163
"760","Temperate","Saxifraga oppositifolia",2,4,17.1655,1.32,4.11,0.321167883211679,13.0041666666667
"761","Temperate","Saxifraga oppositifolia",3,4,19.352,1.64,4.18,0.392344497607655,11.8
"762","Temperate","Saxifraga oppositifolia",4,4,13.7187,0.87,2.55,0.341176470588235,15.7686206896552
"763","Temperate","Saxifraga oppositifolia",5,4,14.5535,0.96,2.44,0.39344262295082,15.1598958333333
"764","Temperate","Saxifraga oppositifolia",6,4,21.4073,1.64,5.08,0.322834645669291,13.0532317073171
"765","Temperate","Saxifraga oppositifolia",7,4,23.9565,1.84,4.87,0.37782340862423,13.0198369565217
"766","Temperate","Saxifraga oppositifolia",8,4,24.242,2.08,5.05,0.411881188118812,11.6548076923077
"767","Temperate","Saxifraga oppositifolia",9,4,19.799,1.37,3.82,0.358638743455497,14.4518248175182
"768","Temperate","Saxifraga paniculata",1,2,94.6281,12.94,55.79,0.23194120810181,7.31283616692427
"769","Temperate","Saxifraga paniculata",10,2,105.1475,15.96,62.64,0.254789272030651,6.58818922305764
"770","Temperate","Saxifraga paniculata",2,2,110.3601,18.96,71.79,0.264103635603845,5.82068037974684
"771","Temperate","Saxifraga paniculata",3,2,147.8371,24.43,99.27,0.246096504482724,6.0514572247237
"772","Temperate","Saxifraga paniculata",4,2,105.9403,18.18,67.35,0.269933184855234,5.82729922992299
"773","Temperate","Saxifraga paniculata",5,2,66.7982,10.64,37.48,0.283884738527215,6.27802631578947
"774","Temperate","Saxifraga paniculata",6,2,109.1783,19.22,65.54,0.29325602685383,5.68045265348595
"775","Temperate","Saxifraga paniculata",7,2,158.4905,23.94,94.72,0.252744932432432,6.6203216374269
"776","Temperate","Saxifraga paniculata",8,2,128.1032,17.4,77.87,0.223449338641325,7.36225287356322
"777","Temperate","Saxifraga paniculata",9,2,104.7674,13.26,51.32,0.258378799688231,7.90101055806938
"778","Temperate","Scilla verna",1,2,255.7164,13.08,99,0.132121212121212,19.5501834862385
"779","Temperate","Scilla verna",10,2,625.6847,21.46,213.65,0.100444652468991,29.1558574091333
"780","Temperate","Scilla verna",2,2,185.1567,9.67,71.81,0.134660910736666,19.1475387797311
"781","Temperate","Scilla verna",3,2,242.3976,11.03,91.96,0.119943453675511,21.9762103354488
"782","Temperate","Scilla verna",4,2,183.5646,9.1,70.83,0.12847663419455,20.1719340659341
"783","Temperate","Scilla verna",5,2,150.8197,7.54,57.12,0.132002801120448,20.0026127320955
"784","Temperate","Scilla verna",6,2,249.6202,12.95,95.72,0.135290430422064,19.2756911196911
"785","Temperate","Scilla verna",7,2,184.0101,9.63,68.9,0.139767779390421,19.1080062305296
"786","Temperate","Scilla verna",8,2,277.5962,14.94,112.25,0.133095768374165,18.5807362784471
"787","Temperate","Scilla verna",9,2,309.0739,16.25,127.85,0.127102072741494,19.0199323076923
"788","Temperate","Sedum atratum",1,2,34.487,2.38,32.36,0.0735475896168109,14.4903361344538
"789","Temperate","Sedum atratum",10,2,46.9707,3.4,47.07,0.0722328446993839,13.8149117647059
"790","Temperate","Sedum atratum",2,2,28.6761,1.61,21.41,0.0751985053713218,17.8112422360248
"791","Temperate","Sedum atratum",3,2,20.1741,1.33,15.09,0.0881378396288933,15.1684962406015
"792","Temperate","Sedum atratum",4,2,27.0065,1.81,24.29,0.0745162618361466,14.9207182320442
"793","Temperate","Sedum atratum",5,2,20.3393,1.21,15.13,0.0799735624586913,16.8093388429752
"794","Temperate","Sedum atratum",6,2,29.4857,1.64,28.89,0.056767047421253,17.9790853658537
"795","Temperate","Sedum atratum",7,2,32.7708,1.95,29.24,0.0666894664842681,16.8055384615385
"796","Temperate","Sedum atratum",8,2,18.905,0.77,8.04,0.095771144278607,24.5519480519481
"797","Temperate","Sedum atratum",9,2,24.741,1.4,19.9,0.0703517587939698,17.6721428571429
"798","Temperate","Sempervivum vicentei",1,2,125.7625,12.69,133.16,0.0952988885551217,9.91036249014972
"799","Temperate","Sempervivum vicentei",10,2,113.5464,9.82,103.36,0.0950077399380805,11.5627698574338
"800","Temperate","Sempervivum vicentei",2,2,210.3599,21.03,243.54,0.0863513180586351,10.0028483119353
"801","Temperate","Sempervivum vicentei",3,2,154.2429,10.77,151.94,0.0708832433855469,14.3215320334262
"802","Temperate","Sempervivum vicentei",4,2,119.8725,6.84,93.57,0.0731003526771401,17.5252192982456
"803","Temperate","Sempervivum vicentei",5,2,259.5925,26.41,313.09,0.0843527420230605,9.82932601287391
"804","Temperate","Sempervivum vicentei",6,2,154.4062,16.84,155.24,0.108477196598815,9.16901425178147
"805","Temperate","Sempervivum vicentei",7,2,169.5377,14.98,162.25,0.092326656394453,11.3176034712951
"806","Temperate","Sempervivum vicentei",8,2,160.1633,19.49,183.65,0.106125782738906,8.21771677783479
"807","Temperate","Sempervivum vicentei",9,2,271.1337,32.71,351.06,0.0931749558480032,8.28901559156221
"808","Temperate","Sesleria caerula",1,2,88.6552,3.58,11.16,0.32078853046595,24.7640223463687
"809","Temperate","Sesleria caerula",10,2,293.1548,21.14,52.24,0.404670750382848,13.8673036896878
"810","Temperate","Sesleria caerula",2,2,404.1846,20.37,58.92,0.345723014256619,19.8421502209131
"811","Temperate","Sesleria caerula",3,2,433.5548,32.3,83.55,0.386594853381209,13.4227492260062
"812","Temperate","Sesleria caerula",4,2,327.5511,18.95,46.84,0.404568744662681,17.285018469657
"813","Temperate","Sesleria caerula",5,2,233.9909,14.17,36.13,0.392194851923609,16.513119266055
"814","Temperate","Sesleria caerula",6,2,251.2706,11.83,32.08,0.368765586034913,21.2401183431953
"815","Temperate","Sesleria caerula",7,2,183.1276,11,30.42,0.361604207758054,16.6479636363636
"816","Temperate","Sesleria caerula",8,2,314.9972,19.21,48.05,0.399791883454735,16.3975637688704
"817","Temperate","Sesleria caerula",9,2,174.7168,10.18,30.03,0.338994338994339,17.1627504911591
"818","Temperate","Silene acaulis",1,2,12.7835,0.62,2.82,0.219858156028369,20.6185483870968
"819","Temperate","Silene acaulis",10,2,16.9913,0.75,3.5,0.214285714285714,22.6550666666667
"820","Temperate","Silene acaulis",2,2,9.1733,0.4,1.83,0.218579234972678,22.93325
"821","Temperate","Silene acaulis",3,2,12.5806,0.68,3.18,0.213836477987421,18.5008823529412
"822","Temperate","Silene acaulis",4,2,13.0473,0.65,2.75,0.236363636363636,20.0727692307692
"823","Temperate","Silene acaulis",5,2,10.71,0.5,2.51,0.199203187250996,21.42
"824","Temperate","Silene acaulis",6,2,10.8177,0.33,1.98,0.166666666666667,32.7809090909091
"825","Temperate","Silene acaulis",7,2,12.5177,0.6,2.41,0.24896265560166,20.8628333333333
"826","Temperate","Silene acaulis",8,2,12.024,0.66,2.75,0.24,18.2181818181818
"827","Temperate","Silene acaulis",9,2,9.4534,0.53,2.15,0.246511627906977,17.8366037735849
"828","Temperate","Silene ciliata",1,2,129.8519,7.23,50.88,0.142099056603774,17.9601521438451
"829","Temperate","Silene ciliata",10,2,50.4712,2.4,14.71,0.163154316791298,21.0296666666667
"830","Temperate","Silene ciliata",2,2,69.9775,2.91,20.95,0.13890214797136,24.0472508591065
"831","Temperate","Silene ciliata",3,2,21.5115,0.84,4.86,0.172839506172839,25.6089285714286
"832","Temperate","Silene ciliata",4,2,66.5075,2.65,16.82,0.157550535077289,25.0971698113208
"833","Temperate","Silene ciliata",5,2,45.1845,1.61,10.27,0.156767283349562,28.0649068322981
"834","Temperate","Silene ciliata",6,2,46.0982,2.07,14.14,0.146393210749646,22.2696618357488
"835","Temperate","Silene ciliata",7,2,39.7505,1.67,1115,0.00149775784753363,23.8026946107784
"836","Temperate","Silene ciliata",8,2,68.3619,3.41,19.87,0.171615500754907,20.0474780058651
"837","Temperate","Silene ciliata",9,2,48.9903,1.75,12.59,0.138999205718824,27.9944571428571
"838","Temperate","Thymus praecox",1,2,26.6172,1.48,5.47,0.270566727605119,17.9845945945946
"839","Temperate","Thymus praecox",2,2,21.6181,1.19,3.88,0.306701030927835,18.1664705882353
"840","Temperate","Thymus praecox",3,2,20.9973,1.3,4.07,0.319410319410319,16.1517692307692
"841","Temperate","Thymus praecox",4,2,22.9104,1.43,4.46,0.320627802690583,16.0212587412587
"842","Temperate","Thymus praecox",5,2,19.3809,1.12,3.54,0.31638418079096,17.304375
"843","Temperate","Thymus praecox",6,2,18.1122,0.84,2.87,0.292682926829268,21.5621428571429
"844","Temperate","Thymus praecox",7,2,16.9792,0.75,2.88,0.260416666666667,22.6389333333333
"845","Temperate","Thymus praecox",8,2,21.819,1.21,3.94,0.307106598984772,18.0322314049587
"846","Temperate","Thymus praecox",9,2,23.0498,1.01,3.53,0.286118980169972,22.8215841584158
"847","Temperate","Veronica nummularia",1,2,39.0914,1.81,7.53,0.240371845949535,21.5974585635359
"848","Temperate","Veronica nummularia",10,2,20.4868,0.84,3.57,0.235294117647059,24.3890476190476
"849","Temperate","Veronica nummularia",2,2,32.7096,1.47,5.79,0.253886010362694,22.2514285714286
"850","Temperate","Veronica nummularia",3,2,24.7312,1.15,4.15,0.27710843373494,21.5053913043478
"851","Temperate","Veronica nummularia",4,2,32,1.62,6.46,0.25077399380805,19.7530864197531
"852","Temperate","Veronica nummularia",5,2,34.3674,1.52,6.36,0.238993710691824,22.6101315789474
"853","Temperate","Veronica nummularia",6,2,29.2597,1.25,6.18,0.202265372168285,23.40776
"854","Temperate","Veronica nummularia",7,2,26.3548,1.31,4.9,0.26734693877551,20.1181679389313
"855","Temperate","Veronica nummularia",8,2,25.6326,1.29,5.25,0.245714285714286,19.8702325581395
"856","Temperate","Veronica nummularia",9,2,21.0461,1.23,4.48,0.274553571428571,17.1106504065041
